ISO-10303-21;
HEADER;
FILE_DESCRIPTION(('FreeCAD Model'),'2;1');
FILE_NAME('Open CASCADE Shape Model','2026-09-19T19:01:17',('FreeCAD'),(
    'FreeCAD'),'Open CASCADE STEP processor 7.8','FreeCAD','Unknown');
FILE_SCHEMA(('AUTOMOTIVE_DESIGN { 1 0 10303 214 1 1 1 1 }'));
ENDSEC;
DATA;
#1 = APPLICATION_PROTOCOL_DEFINITION('international standard',
  'automotive_design',2000,#2);
#2 = APPLICATION_CONTEXT(
  'core data for automotive mechanical design processes');
#3 = SHAPE_DEFINITION_REPRESENTATION(#4,#10);
#4 = PRODUCT_DEFINITION_SHAPE('','',#5);
#5 = PRODUCT_DEFINITION('design','',#6,#9);
#6 = PRODUCT_DEFINITION_FORMATION('','',#7);
#7 = PRODUCT('Open CASCADE STEP translator 7.8 1',
  'Open CASCADE STEP translator 7.8 1','',(#8));
#8 = PRODUCT_CONTEXT('',#2,'mechanical');
#9 = PRODUCT_DEFINITION_CONTEXT('part definition',#2,'design');
#10 = SHAPE_REPRESENTATION('',(#11,#15,#2061),#3995);
#11 = AXIS2_PLACEMENT_3D('',#12,#13,#14);
#12 = CARTESIAN_POINT('',(0.,0.,0.));
#13 = DIRECTION('',(0.,0.,1.));
#14 = DIRECTION('',(1.,0.,-0.));
#15 = MANIFOLD_SOLID_BREP('',#16);
#16 = CLOSED_SHELL('',(#17,#137,#187,#212,#237,#428,#453,#478,#503,#553,
    #609,#633,#689,#706,#741,#767,#841,#874,#885,#916,#941,#966,#990,
    #1014,#1039,#1064,#1081,#1106,#1131,#1198,#1233,#1268,#1342,#1367,
    #1392,#1417,#1441,#1459,#1542,#1567,#1601,#1618,#1645,#1657,#1682,
    #1716,#1735,#1755,#1775,#1795,#1813,#1826,#1843,#1861,#1881,#1901,
    #1913,#1925,#1950,#1975,#2000,#2025,#2034,#2043,#2052));
#17 = ADVANCED_FACE('',(#18),#132,.F.);
#18 = FACE_BOUND('',#19,.F.);
#19 = EDGE_LOOP('',(#20,#30,#38,#46,#54,#62,#70,#78,#86,#94,#102,#110,
    #118,#126));
#20 = ORIENTED_EDGE('',*,*,#21,.F.);
#21 = EDGE_CURVE('',#22,#24,#26,.T.);
#22 = VERTEX_POINT('',#23);
#23 = CARTESIAN_POINT('',(8.,5.,66.));
#24 = VERTEX_POINT('',#25);
#25 = CARTESIAN_POINT('',(8.,44.,66.));
#26 = LINE('',#27,#28);
#27 = CARTESIAN_POINT('',(8.,4.,66.));
#28 = VECTOR('',#29,1.);
#29 = DIRECTION('',(0.,1.,0.));
#30 = ORIENTED_EDGE('',*,*,#31,.F.);
#31 = EDGE_CURVE('',#32,#22,#34,.T.);
#32 = VERTEX_POINT('',#33);
#33 = CARTESIAN_POINT('',(86.156571371417,5.,66.));
#34 = LINE('',#35,#36);
#35 = CARTESIAN_POINT('',(27.2,5.,66.));
#36 = VECTOR('',#37,1.);
#37 = DIRECTION('',(-1.,0.,0.));
#38 = ORIENTED_EDGE('',*,*,#39,.F.);
#39 = EDGE_CURVE('',#40,#32,#42,.T.);
#40 = VERTEX_POINT('',#41);
#41 = CARTESIAN_POINT('',(86.156571371417,4.,66.));
#42 = LINE('',#43,#44);
#43 = CARTESIAN_POINT('',(86.156571371417,-1.,66.));
#44 = VECTOR('',#45,1.);
#45 = DIRECTION('',(0.,1.,0.));
#46 = ORIENTED_EDGE('',*,*,#47,.T.);
#47 = EDGE_CURVE('',#40,#48,#50,.T.);
#48 = VERTEX_POINT('',#49);
#49 = CARTESIAN_POINT('',(88.8,4.,66.));
#50 = LINE('',#51,#52);
#51 = CARTESIAN_POINT('',(8.,4.,66.));
#52 = VECTOR('',#53,1.);
#53 = DIRECTION('',(1.,0.,0.));
#54 = ORIENTED_EDGE('',*,*,#55,.T.);
#55 = EDGE_CURVE('',#48,#56,#58,.T.);
#56 = VERTEX_POINT('',#57);
#57 = CARTESIAN_POINT('',(88.8,53.6,66.));
#58 = LINE('',#59,#60);
#59 = CARTESIAN_POINT('',(88.8,3.8,66.));
#60 = VECTOR('',#61,1.);
#61 = DIRECTION('',(0.,1.,0.));
#62 = ORIENTED_EDGE('',*,*,#63,.T.);
#63 = EDGE_CURVE('',#56,#64,#66,.T.);
#64 = VERTEX_POINT('',#65);
#65 = CARTESIAN_POINT('',(91.,53.6,66.));
#66 = LINE('',#67,#68);
#67 = CARTESIAN_POINT('',(88.8,53.6,66.));
#68 = VECTOR('',#69,1.);
#69 = DIRECTION('',(1.,0.,0.));
#70 = ORIENTED_EDGE('',*,*,#71,.F.);
#71 = EDGE_CURVE('',#72,#64,#74,.T.);
#72 = VERTEX_POINT('',#73);
#73 = CARTESIAN_POINT('',(91.,4.,66.));
#74 = LINE('',#75,#76);
#75 = CARTESIAN_POINT('',(91.,3.8,66.));
#76 = VECTOR('',#77,1.);
#77 = DIRECTION('',(0.,1.,0.));
#78 = ORIENTED_EDGE('',*,*,#79,.T.);
#79 = EDGE_CURVE('',#72,#80,#82,.T.);
#80 = VERTEX_POINT('',#81);
#81 = CARTESIAN_POINT('',(122.,4.,66.));
#82 = LINE('',#83,#84);
#83 = CARTESIAN_POINT('',(8.,4.,66.));
#84 = VECTOR('',#85,1.);
#85 = DIRECTION('',(1.,0.,0.));
#86 = ORIENTED_EDGE('',*,*,#87,.T.);
#87 = EDGE_CURVE('',#80,#88,#90,.T.);
#88 = VERTEX_POINT('',#89);
#89 = CARTESIAN_POINT('',(122.,44.,66.));
#90 = LINE('',#91,#92);
#91 = CARTESIAN_POINT('',(122.,4.,66.));
#92 = VECTOR('',#93,1.);
#93 = DIRECTION('',(0.,1.,0.));
#94 = ORIENTED_EDGE('',*,*,#95,.T.);
#95 = EDGE_CURVE('',#88,#96,#98,.T.);
#96 = VERTEX_POINT('',#97);
#97 = CARTESIAN_POINT('',(120.53589838486,44.,66.));
#98 = LINE('',#99,#100);
#99 = CARTESIAN_POINT('',(66.,44.,66.));
#100 = VECTOR('',#101,1.);
#101 = DIRECTION('',(-1.,0.,0.));
#102 = ORIENTED_EDGE('',*,*,#103,.T.);
#103 = EDGE_CURVE('',#96,#104,#106,.T.);
#104 = VERTEX_POINT('',#105);
#105 = CARTESIAN_POINT('',(120.53589838486,56.,66.));
#106 = LINE('',#107,#108);
#107 = CARTESIAN_POINT('',(120.53589838486,44.,66.));
#108 = VECTOR('',#109,1.);
#109 = DIRECTION('',(0.,1.,0.));
#110 = ORIENTED_EDGE('',*,*,#111,.F.);
#111 = EDGE_CURVE('',#112,#104,#114,.T.);
#112 = VERTEX_POINT('',#113);
#113 = CARTESIAN_POINT('',(9.464101615138,56.,66.));
#114 = LINE('',#115,#116);
#115 = CARTESIAN_POINT('',(36.5,56.,66.));
#116 = VECTOR('',#117,1.);
#117 = DIRECTION('',(1.,0.,0.));
#118 = ORIENTED_EDGE('',*,*,#119,.F.);
#119 = EDGE_CURVE('',#120,#112,#122,.T.);
#120 = VERTEX_POINT('',#121);
#121 = CARTESIAN_POINT('',(9.464101615138,44.,66.));
#122 = LINE('',#123,#124);
#123 = CARTESIAN_POINT('',(9.464101615138,44.,66.));
#124 = VECTOR('',#125,1.);
#125 = DIRECTION('',(0.,1.,0.));
#126 = ORIENTED_EDGE('',*,*,#127,.T.);
#127 = EDGE_CURVE('',#120,#24,#128,.T.);
#128 = LINE('',#129,#130);
#129 = CARTESIAN_POINT('',(7.,44.,66.));
#130 = VECTOR('',#131,1.);
#131 = DIRECTION('',(-1.,0.,0.));
#132 = PLANE('',#133);
#133 = AXIS2_PLACEMENT_3D('',#134,#135,#136);
#134 = CARTESIAN_POINT('',(8.,4.,66.));
#135 = DIRECTION('',(0.,0.,1.));
#136 = DIRECTION('',(1.,0.,0.));
#137 = ADVANCED_FACE('',(#138),#182,.F.);
#138 = FACE_BOUND('',#139,.F.);
#139 = EDGE_LOOP('',(#140,#150,#159,#167,#174,#175));
#140 = ORIENTED_EDGE('',*,*,#141,.F.);
#141 = EDGE_CURVE('',#142,#144,#146,.T.);
#142 = VERTEX_POINT('',#143);
#143 = CARTESIAN_POINT('',(4.,4.,62.));
#144 = VERTEX_POINT('',#145);
#145 = CARTESIAN_POINT('',(4.,44.,62.));
#146 = LINE('',#147,#148);
#147 = CARTESIAN_POINT('',(4.,4.,62.));
#148 = VECTOR('',#149,1.);
#149 = DIRECTION('',(0.,1.,0.));
#150 = ORIENTED_EDGE('',*,*,#151,.T.);
#151 = EDGE_CURVE('',#142,#152,#154,.T.);
#152 = VERTEX_POINT('',#153);
#153 = CARTESIAN_POINT('',(5.685910986739,4.,65.262666400156));
#154 = CIRCLE('',#155,4.);
#155 = AXIS2_PLACEMENT_3D('',#156,#157,#158);
#156 = CARTESIAN_POINT('',(8.,4.,62.));
#157 = DIRECTION('',(0.,1.,0.));
#158 = DIRECTION('',(0.,0.,1.));
#159 = ORIENTED_EDGE('',*,*,#160,.T.);
#160 = EDGE_CURVE('',#152,#161,#163,.T.);
#161 = VERTEX_POINT('',#162);
#162 = CARTESIAN_POINT('',(5.68591098674,5.,65.262666400156));
#163 = LINE('',#164,#165);
#164 = CARTESIAN_POINT('',(5.685910986739,4.,65.262666400156));
#165 = VECTOR('',#166,1.);
#166 = DIRECTION('',(0.,1.,0.));
#167 = ORIENTED_EDGE('',*,*,#168,.T.);
#168 = EDGE_CURVE('',#161,#22,#169,.T.);
#169 = CIRCLE('',#170,4.);
#170 = AXIS2_PLACEMENT_3D('',#171,#172,#173);
#171 = CARTESIAN_POINT('',(8.,5.,62.));
#172 = DIRECTION('',(0.,1.,0.));
#173 = DIRECTION('',(0.,0.,1.));
#174 = ORIENTED_EDGE('',*,*,#21,.T.);
#175 = ORIENTED_EDGE('',*,*,#176,.F.);
#176 = EDGE_CURVE('',#144,#24,#177,.T.);
#177 = CIRCLE('',#178,4.);
#178 = AXIS2_PLACEMENT_3D('',#179,#180,#181);
#179 = CARTESIAN_POINT('',(8.,44.,62.));
#180 = DIRECTION('',(0.,1.,0.));
#181 = DIRECTION('',(0.,0.,1.));
#182 = CYLINDRICAL_SURFACE('',#183,4.);
#183 = AXIS2_PLACEMENT_3D('',#184,#185,#186);
#184 = CARTESIAN_POINT('',(8.,4.,62.));
#185 = DIRECTION('',(0.,1.,0.));
#186 = DIRECTION('',(0.,0.,1.));
#187 = ADVANCED_FACE('',(#188),#207,.F.);
#188 = FACE_BOUND('',#189,.F.);
#189 = EDGE_LOOP('',(#190,#191,#200,#206));
#190 = ORIENTED_EDGE('',*,*,#127,.F.);
#191 = ORIENTED_EDGE('',*,*,#192,.T.);
#192 = EDGE_CURVE('',#120,#193,#195,.T.);
#193 = VERTEX_POINT('',#194);
#194 = CARTESIAN_POINT('',(4.,44.,60.535898384862));
#195 = CIRCLE('',#196,4.);
#196 = AXIS2_PLACEMENT_3D('',#197,#198,#199);
#197 = CARTESIAN_POINT('',(6.,44.,64.));
#198 = DIRECTION('',(0.,1.,0.));
#199 = DIRECTION('',(0.,0.,1.));
#200 = ORIENTED_EDGE('',*,*,#201,.T.);
#201 = EDGE_CURVE('',#193,#144,#202,.T.);
#202 = LINE('',#203,#204);
#203 = CARTESIAN_POINT('',(4.,44.,49.5));
#204 = VECTOR('',#205,1.);
#205 = DIRECTION('',(0.,0.,1.));
#206 = ORIENTED_EDGE('',*,*,#176,.T.);
#207 = PLANE('',#208);
#208 = AXIS2_PLACEMENT_3D('',#209,#210,#211);
#209 = CARTESIAN_POINT('',(6.,44.,64.));
#210 = DIRECTION('',(0.,1.,0.));
#211 = DIRECTION('',(0.,0.,1.));
#212 = ADVANCED_FACE('',(#213),#232,.T.);
#213 = FACE_BOUND('',#214,.T.);
#214 = EDGE_LOOP('',(#215,#224,#225,#226));
#215 = ORIENTED_EDGE('',*,*,#216,.F.);
#216 = EDGE_CURVE('',#112,#217,#219,.T.);
#217 = VERTEX_POINT('',#218);
#218 = CARTESIAN_POINT('',(4.,56.,60.535898384862));
#219 = CIRCLE('',#220,4.);
#220 = AXIS2_PLACEMENT_3D('',#221,#222,#223);
#221 = CARTESIAN_POINT('',(6.,56.,64.));
#222 = DIRECTION('',(0.,1.,0.));
#223 = DIRECTION('',(0.,0.,1.));
#224 = ORIENTED_EDGE('',*,*,#119,.F.);
#225 = ORIENTED_EDGE('',*,*,#192,.T.);
#226 = ORIENTED_EDGE('',*,*,#227,.T.);
#227 = EDGE_CURVE('',#193,#217,#228,.T.);
#228 = LINE('',#229,#230);
#229 = CARTESIAN_POINT('',(4.,44.,60.535898384862));
#230 = VECTOR('',#231,1.);
#231 = DIRECTION('',(0.,1.,0.));
#232 = CYLINDRICAL_SURFACE('',#233,4.);
#233 = AXIS2_PLACEMENT_3D('',#234,#235,#236);
#234 = CARTESIAN_POINT('',(6.,44.,64.));
#235 = DIRECTION('',(0.,1.,0.));
#236 = DIRECTION('',(0.,0.,1.));
#237 = ADVANCED_FACE('',(#238,#308,#319,#330,#401,#412),#423,.T.);
#238 = FACE_BOUND('',#239,.T.);
#239 = EDGE_LOOP('',(#240,#250,#259,#267,#276,#284,#293,#301));
#240 = ORIENTED_EDGE('',*,*,#241,.F.);
#241 = EDGE_CURVE('',#242,#244,#246,.T.);
#242 = VERTEX_POINT('',#243);
#243 = CARTESIAN_POINT('',(8.,56.,0.));
#244 = VERTEX_POINT('',#245);
#245 = CARTESIAN_POINT('',(122.,56.,0.));
#246 = LINE('',#247,#248);
#247 = CARTESIAN_POINT('',(8.,56.,0.));
#248 = VECTOR('',#249,1.);
#249 = DIRECTION('',(1.,0.,0.));
#250 = ORIENTED_EDGE('',*,*,#251,.T.);
#251 = EDGE_CURVE('',#242,#252,#254,.T.);
#252 = VERTEX_POINT('',#253);
#253 = CARTESIAN_POINT('',(0.,56.,8.));
#254 = CIRCLE('',#255,8.);
#255 = AXIS2_PLACEMENT_3D('',#256,#257,#258);
#256 = CARTESIAN_POINT('',(8.,56.,8.));
#257 = DIRECTION('',(0.,1.,0.));
#258 = DIRECTION('',(0.,0.,1.));
#259 = ORIENTED_EDGE('',*,*,#260,.T.);
#260 = EDGE_CURVE('',#252,#261,#263,.T.);
#261 = VERTEX_POINT('',#262);
#262 = CARTESIAN_POINT('',(0.,56.,62.));
#263 = LINE('',#264,#265);
#264 = CARTESIAN_POINT('',(0.,56.,8.));
#265 = VECTOR('',#266,1.);
#266 = DIRECTION('',(0.,0.,1.));
#267 = ORIENTED_EDGE('',*,*,#268,.T.);
#268 = EDGE_CURVE('',#261,#269,#271,.T.);
#269 = VERTEX_POINT('',#270);
#270 = CARTESIAN_POINT('',(8.,56.,70.));
#271 = CIRCLE('',#272,8.);
#272 = AXIS2_PLACEMENT_3D('',#273,#274,#275);
#273 = CARTESIAN_POINT('',(8.,56.,62.));
#274 = DIRECTION('',(0.,1.,0.));
#275 = DIRECTION('',(0.,0.,1.));
#276 = ORIENTED_EDGE('',*,*,#277,.T.);
#277 = EDGE_CURVE('',#269,#278,#280,.T.);
#278 = VERTEX_POINT('',#279);
#279 = CARTESIAN_POINT('',(122.,56.,70.));
#280 = LINE('',#281,#282);
#281 = CARTESIAN_POINT('',(8.,56.,70.));
#282 = VECTOR('',#283,1.);
#283 = DIRECTION('',(1.,0.,0.));
#284 = ORIENTED_EDGE('',*,*,#285,.T.);
#285 = EDGE_CURVE('',#278,#286,#288,.T.);
#286 = VERTEX_POINT('',#287);
#287 = CARTESIAN_POINT('',(130.,56.,62.));
#288 = CIRCLE('',#289,8.);
#289 = AXIS2_PLACEMENT_3D('',#290,#291,#292);
#290 = CARTESIAN_POINT('',(122.,56.,62.));
#291 = DIRECTION('',(0.,1.,0.));
#292 = DIRECTION('',(0.,0.,1.));
#293 = ORIENTED_EDGE('',*,*,#294,.F.);
#294 = EDGE_CURVE('',#295,#286,#297,.T.);
#295 = VERTEX_POINT('',#296);
#296 = CARTESIAN_POINT('',(130.,56.,8.));
#297 = LINE('',#298,#299);
#298 = CARTESIAN_POINT('',(130.,56.,8.));
#299 = VECTOR('',#300,1.);
#300 = DIRECTION('',(0.,0.,1.));
#301 = ORIENTED_EDGE('',*,*,#302,.T.);
#302 = EDGE_CURVE('',#295,#244,#303,.T.);
#303 = CIRCLE('',#304,8.);
#304 = AXIS2_PLACEMENT_3D('',#305,#306,#307);
#305 = CARTESIAN_POINT('',(122.,56.,8.));
#306 = DIRECTION('',(0.,1.,0.));
#307 = DIRECTION('',(0.,0.,1.));
#308 = FACE_BOUND('',#309,.T.);
#309 = EDGE_LOOP('',(#310));
#310 = ORIENTED_EDGE('',*,*,#311,.F.);
#311 = EDGE_CURVE('',#312,#312,#314,.T.);
#312 = VERTEX_POINT('',#313);
#313 = CARTESIAN_POINT('',(6.,56.,7.6));
#314 = CIRCLE('',#315,1.6);
#315 = AXIS2_PLACEMENT_3D('',#316,#317,#318);
#316 = CARTESIAN_POINT('',(6.,56.,6.));
#317 = DIRECTION('',(0.,1.,0.));
#318 = DIRECTION('',(0.,0.,1.));
#319 = FACE_BOUND('',#320,.T.);
#320 = EDGE_LOOP('',(#321));
#321 = ORIENTED_EDGE('',*,*,#322,.F.);
#322 = EDGE_CURVE('',#323,#323,#325,.T.);
#323 = VERTEX_POINT('',#324);
#324 = CARTESIAN_POINT('',(6.,56.,65.6));
#325 = CIRCLE('',#326,1.6);
#326 = AXIS2_PLACEMENT_3D('',#327,#328,#329);
#327 = CARTESIAN_POINT('',(6.,56.,64.));
#328 = DIRECTION('',(0.,1.,0.));
#329 = DIRECTION('',(0.,0.,1.));
#330 = FACE_BOUND('',#331,.T.);
#331 = EDGE_LOOP('',(#332,#333,#334,#342,#351,#360,#368,#377,#386,#394)
  );
#332 = ORIENTED_EDGE('',*,*,#111,.F.);
#333 = ORIENTED_EDGE('',*,*,#216,.T.);
#334 = ORIENTED_EDGE('',*,*,#335,.T.);
#335 = EDGE_CURVE('',#217,#336,#338,.T.);
#336 = VERTEX_POINT('',#337);
#337 = CARTESIAN_POINT('',(4.,56.,9.464101615138));
#338 = LINE('',#339,#340);
#339 = CARTESIAN_POINT('',(4.,56.,21.5));
#340 = VECTOR('',#341,1.);
#341 = DIRECTION('',(0.,0.,-1.));
#342 = ORIENTED_EDGE('',*,*,#343,.T.);
#343 = EDGE_CURVE('',#336,#344,#346,.T.);
#344 = VERTEX_POINT('',#345);
#345 = CARTESIAN_POINT('',(6.,56.,10.));
#346 = CIRCLE('',#347,4.);
#347 = AXIS2_PLACEMENT_3D('',#348,#349,#350);
#348 = CARTESIAN_POINT('',(6.,56.,6.));
#349 = DIRECTION('',(0.,1.,0.));
#350 = DIRECTION('',(0.,0.,1.));
#351 = ORIENTED_EDGE('',*,*,#352,.T.);
#352 = EDGE_CURVE('',#344,#353,#355,.T.);
#353 = VERTEX_POINT('',#354);
#354 = CARTESIAN_POINT('',(9.464101615138,56.,4.));
#355 = CIRCLE('',#356,4.);
#356 = AXIS2_PLACEMENT_3D('',#357,#358,#359);
#357 = CARTESIAN_POINT('',(6.,56.,6.));
#358 = DIRECTION('',(0.,1.,0.));
#359 = DIRECTION('',(0.,0.,1.));
#360 = ORIENTED_EDGE('',*,*,#361,.T.);
#361 = EDGE_CURVE('',#353,#362,#364,.T.);
#362 = VERTEX_POINT('',#363);
#363 = CARTESIAN_POINT('',(120.53589838486,56.,4.));
#364 = LINE('',#365,#366);
#365 = CARTESIAN_POINT('',(36.5,56.,4.));
#366 = VECTOR('',#367,1.);
#367 = DIRECTION('',(1.,0.,0.));
#368 = ORIENTED_EDGE('',*,*,#369,.T.);
#369 = EDGE_CURVE('',#362,#370,#372,.T.);
#370 = VERTEX_POINT('',#371);
#371 = CARTESIAN_POINT('',(124.,56.,10.));
#372 = CIRCLE('',#373,4.);
#373 = AXIS2_PLACEMENT_3D('',#374,#375,#376);
#374 = CARTESIAN_POINT('',(124.,56.,6.));
#375 = DIRECTION('',(0.,1.,0.));
#376 = DIRECTION('',(0.,0.,1.));
#377 = ORIENTED_EDGE('',*,*,#378,.T.);
#378 = EDGE_CURVE('',#370,#379,#381,.T.);
#379 = VERTEX_POINT('',#380);
#380 = CARTESIAN_POINT('',(126.,56.,9.464101615138));
#381 = CIRCLE('',#382,4.);
#382 = AXIS2_PLACEMENT_3D('',#383,#384,#385);
#383 = CARTESIAN_POINT('',(124.,56.,6.));
#384 = DIRECTION('',(0.,1.,0.));
#385 = DIRECTION('',(0.,0.,1.));
#386 = ORIENTED_EDGE('',*,*,#387,.F.);
#387 = EDGE_CURVE('',#388,#379,#390,.T.);
#388 = VERTEX_POINT('',#389);
#389 = CARTESIAN_POINT('',(126.,56.,60.535898384862));
#390 = LINE('',#391,#392);
#391 = CARTESIAN_POINT('',(126.,56.,21.5));
#392 = VECTOR('',#393,1.);
#393 = DIRECTION('',(0.,0.,-1.));
#394 = ORIENTED_EDGE('',*,*,#395,.T.);
#395 = EDGE_CURVE('',#388,#104,#396,.T.);
#396 = CIRCLE('',#397,4.);
#397 = AXIS2_PLACEMENT_3D('',#398,#399,#400);
#398 = CARTESIAN_POINT('',(124.,56.,64.));
#399 = DIRECTION('',(0.,1.,0.));
#400 = DIRECTION('',(0.,0.,1.));
#401 = FACE_BOUND('',#402,.T.);
#402 = EDGE_LOOP('',(#403));
#403 = ORIENTED_EDGE('',*,*,#404,.F.);
#404 = EDGE_CURVE('',#405,#405,#407,.T.);
#405 = VERTEX_POINT('',#406);
#406 = CARTESIAN_POINT('',(124.,56.,7.6));
#407 = CIRCLE('',#408,1.6);
#408 = AXIS2_PLACEMENT_3D('',#409,#410,#411);
#409 = CARTESIAN_POINT('',(124.,56.,6.));
#410 = DIRECTION('',(0.,1.,0.));
#411 = DIRECTION('',(0.,0.,1.));
#412 = FACE_BOUND('',#413,.T.);
#413 = EDGE_LOOP('',(#414));
#414 = ORIENTED_EDGE('',*,*,#415,.F.);
#415 = EDGE_CURVE('',#416,#416,#418,.T.);
#416 = VERTEX_POINT('',#417);
#417 = CARTESIAN_POINT('',(124.,56.,65.6));
#418 = CIRCLE('',#419,1.6);
#419 = AXIS2_PLACEMENT_3D('',#420,#421,#422);
#420 = CARTESIAN_POINT('',(124.,56.,64.));
#421 = DIRECTION('',(0.,1.,0.));
#422 = DIRECTION('',(0.,0.,1.));
#423 = PLANE('',#424);
#424 = AXIS2_PLACEMENT_3D('',#425,#426,#427);
#425 = CARTESIAN_POINT('',(65.,56.,35.));
#426 = DIRECTION('',(0.,1.,0.));
#427 = DIRECTION('',(0.,0.,1.));
#428 = ADVANCED_FACE('',(#429),#448,.T.);
#429 = FACE_BOUND('',#430,.T.);
#430 = EDGE_LOOP('',(#431,#432,#440,#447));
#431 = ORIENTED_EDGE('',*,*,#395,.F.);
#432 = ORIENTED_EDGE('',*,*,#433,.F.);
#433 = EDGE_CURVE('',#434,#388,#436,.T.);
#434 = VERTEX_POINT('',#435);
#435 = CARTESIAN_POINT('',(126.,44.,60.535898384862));
#436 = LINE('',#437,#438);
#437 = CARTESIAN_POINT('',(126.,44.,60.535898384862));
#438 = VECTOR('',#439,1.);
#439 = DIRECTION('',(0.,1.,0.));
#440 = ORIENTED_EDGE('',*,*,#441,.T.);
#441 = EDGE_CURVE('',#434,#96,#442,.T.);
#442 = CIRCLE('',#443,4.);
#443 = AXIS2_PLACEMENT_3D('',#444,#445,#446);
#444 = CARTESIAN_POINT('',(124.,44.,64.));
#445 = DIRECTION('',(0.,1.,0.));
#446 = DIRECTION('',(0.,0.,1.));
#447 = ORIENTED_EDGE('',*,*,#103,.T.);
#448 = CYLINDRICAL_SURFACE('',#449,4.);
#449 = AXIS2_PLACEMENT_3D('',#450,#451,#452);
#450 = CARTESIAN_POINT('',(124.,44.,64.));
#451 = DIRECTION('',(0.,1.,0.));
#452 = DIRECTION('',(0.,0.,1.));
#453 = ADVANCED_FACE('',(#454),#473,.F.);
#454 = FACE_BOUND('',#455,.F.);
#455 = EDGE_LOOP('',(#456,#464,#465,#466));
#456 = ORIENTED_EDGE('',*,*,#457,.T.);
#457 = EDGE_CURVE('',#458,#434,#460,.T.);
#458 = VERTEX_POINT('',#459);
#459 = CARTESIAN_POINT('',(126.,44.,62.));
#460 = LINE('',#461,#462);
#461 = CARTESIAN_POINT('',(126.,44.,49.290909090909));
#462 = VECTOR('',#463,1.);
#463 = DIRECTION('',(0.,0.,-1.));
#464 = ORIENTED_EDGE('',*,*,#441,.T.);
#465 = ORIENTED_EDGE('',*,*,#95,.F.);
#466 = ORIENTED_EDGE('',*,*,#467,.T.);
#467 = EDGE_CURVE('',#88,#458,#468,.T.);
#468 = CIRCLE('',#469,4.);
#469 = AXIS2_PLACEMENT_3D('',#470,#471,#472);
#470 = CARTESIAN_POINT('',(122.,44.,62.));
#471 = DIRECTION('',(0.,1.,0.));
#472 = DIRECTION('',(0.,0.,1.));
#473 = PLANE('',#474);
#474 = AXIS2_PLACEMENT_3D('',#475,#476,#477);
#475 = CARTESIAN_POINT('',(124.,44.,64.));
#476 = DIRECTION('',(0.,1.,0.));
#477 = DIRECTION('',(0.,0.,1.));
#478 = ADVANCED_FACE('',(#479),#498,.F.);
#479 = FACE_BOUND('',#480,.F.);
#480 = EDGE_LOOP('',(#481,#482,#483,#492));
#481 = ORIENTED_EDGE('',*,*,#467,.F.);
#482 = ORIENTED_EDGE('',*,*,#87,.F.);
#483 = ORIENTED_EDGE('',*,*,#484,.T.);
#484 = EDGE_CURVE('',#80,#485,#487,.T.);
#485 = VERTEX_POINT('',#486);
#486 = CARTESIAN_POINT('',(126.,4.,62.));
#487 = CIRCLE('',#488,4.);
#488 = AXIS2_PLACEMENT_3D('',#489,#490,#491);
#489 = CARTESIAN_POINT('',(122.,4.,62.));
#490 = DIRECTION('',(0.,1.,0.));
#491 = DIRECTION('',(0.,0.,1.));
#492 = ORIENTED_EDGE('',*,*,#493,.T.);
#493 = EDGE_CURVE('',#485,#458,#494,.T.);
#494 = LINE('',#495,#496);
#495 = CARTESIAN_POINT('',(126.,4.,62.));
#496 = VECTOR('',#497,1.);
#497 = DIRECTION('',(0.,1.,0.));
#498 = CYLINDRICAL_SURFACE('',#499,4.);
#499 = AXIS2_PLACEMENT_3D('',#500,#501,#502);
#500 = CARTESIAN_POINT('',(122.,4.,62.));
#501 = DIRECTION('',(0.,1.,0.));
#502 = DIRECTION('',(0.,0.,1.));
#503 = ADVANCED_FACE('',(#504),#548,.F.);
#504 = FACE_BOUND('',#505,.F.);
#505 = EDGE_LOOP('',(#506,#507,#515,#524,#532,#541,#547));
#506 = ORIENTED_EDGE('',*,*,#79,.F.);
#507 = ORIENTED_EDGE('',*,*,#508,.F.);
#508 = EDGE_CURVE('',#509,#72,#511,.T.);
#509 = VERTEX_POINT('',#510);
#510 = CARTESIAN_POINT('',(91.,4.,37.));
#511 = LINE('',#512,#513);
#512 = CARTESIAN_POINT('',(91.,4.,19.5));
#513 = VECTOR('',#514,1.);
#514 = DIRECTION('',(0.,0.,1.));
#515 = ORIENTED_EDGE('',*,*,#516,.T.);
#516 = EDGE_CURVE('',#509,#517,#519,.T.);
#517 = VERTEX_POINT('',#518);
#518 = CARTESIAN_POINT('',(95.,4.,41.));
#519 = CIRCLE('',#520,4.);
#520 = AXIS2_PLACEMENT_3D('',#521,#522,#523);
#521 = CARTESIAN_POINT('',(95.,4.,37.));
#522 = DIRECTION('',(0.,1.,0.));
#523 = DIRECTION('',(0.,0.,1.));
#524 = ORIENTED_EDGE('',*,*,#525,.F.);
#525 = EDGE_CURVE('',#526,#517,#528,.T.);
#526 = VERTEX_POINT('',#527);
#527 = CARTESIAN_POINT('',(122.,4.,41.));
#528 = LINE('',#529,#530);
#529 = CARTESIAN_POINT('',(80.,4.,41.));
#530 = VECTOR('',#531,1.);
#531 = DIRECTION('',(-1.,0.,0.));
#532 = ORIENTED_EDGE('',*,*,#533,.T.);
#533 = EDGE_CURVE('',#526,#534,#536,.T.);
#534 = VERTEX_POINT('',#535);
#535 = CARTESIAN_POINT('',(126.,4.,37.));
#536 = CIRCLE('',#537,4.);
#537 = AXIS2_PLACEMENT_3D('',#538,#539,#540);
#538 = CARTESIAN_POINT('',(122.,4.,37.));
#539 = DIRECTION('',(0.,1.,0.));
#540 = DIRECTION('',(0.,0.,1.));
#541 = ORIENTED_EDGE('',*,*,#542,.T.);
#542 = EDGE_CURVE('',#534,#485,#543,.T.);
#543 = LINE('',#544,#545);
#544 = CARTESIAN_POINT('',(126.,4.,8.));
#545 = VECTOR('',#546,1.);
#546 = DIRECTION('',(0.,0.,1.));
#547 = ORIENTED_EDGE('',*,*,#484,.F.);
#548 = PLANE('',#549);
#549 = AXIS2_PLACEMENT_3D('',#550,#551,#552);
#550 = CARTESIAN_POINT('',(65.,4.,35.));
#551 = DIRECTION('',(-0.,-1.,-0.));
#552 = DIRECTION('',(0.,0.,-1.));
#553 = ADVANCED_FACE('',(#554),#604,.T.);
#554 = FACE_BOUND('',#555,.T.);
#555 = EDGE_LOOP('',(#556,#566,#574,#582,#590,#596,#597,#598));
#556 = ORIENTED_EDGE('',*,*,#557,.F.);
#557 = EDGE_CURVE('',#558,#560,#562,.T.);
#558 = VERTEX_POINT('',#559);
#559 = CARTESIAN_POINT('',(91.,0.,10.));
#560 = VERTEX_POINT('',#561);
#561 = CARTESIAN_POINT('',(91.,0.,37.));
#562 = LINE('',#563,#564);
#563 = CARTESIAN_POINT('',(91.,0.,22.5));
#564 = VECTOR('',#565,1.);
#565 = DIRECTION('',(0.,0.,1.));
#566 = ORIENTED_EDGE('',*,*,#567,.T.);
#567 = EDGE_CURVE('',#558,#568,#570,.T.);
#568 = VERTEX_POINT('',#569);
#569 = CARTESIAN_POINT('',(91.,4.,10.));
#570 = LINE('',#571,#572);
#571 = CARTESIAN_POINT('',(91.,-1.,10.));
#572 = VECTOR('',#573,1.);
#573 = DIRECTION('',(0.,1.,0.));
#574 = ORIENTED_EDGE('',*,*,#575,.F.);
#575 = EDGE_CURVE('',#576,#568,#578,.T.);
#576 = VERTEX_POINT('',#577);
#577 = CARTESIAN_POINT('',(91.,4.,4.));
#578 = LINE('',#579,#580);
#579 = CARTESIAN_POINT('',(91.,4.,19.5));
#580 = VECTOR('',#581,1.);
#581 = DIRECTION('',(0.,0.,1.));
#582 = ORIENTED_EDGE('',*,*,#583,.T.);
#583 = EDGE_CURVE('',#576,#584,#586,.T.);
#584 = VERTEX_POINT('',#585);
#585 = CARTESIAN_POINT('',(91.,53.6,4.));
#586 = LINE('',#587,#588);
#587 = CARTESIAN_POINT('',(91.,3.8,4.));
#588 = VECTOR('',#589,1.);
#589 = DIRECTION('',(0.,1.,0.));
#590 = ORIENTED_EDGE('',*,*,#591,.T.);
#591 = EDGE_CURVE('',#584,#64,#592,.T.);
#592 = LINE('',#593,#594);
#593 = CARTESIAN_POINT('',(91.,53.6,4.));
#594 = VECTOR('',#595,1.);
#595 = DIRECTION('',(0.,0.,1.));
#596 = ORIENTED_EDGE('',*,*,#71,.F.);
#597 = ORIENTED_EDGE('',*,*,#508,.F.);
#598 = ORIENTED_EDGE('',*,*,#599,.F.);
#599 = EDGE_CURVE('',#560,#509,#600,.T.);
#600 = LINE('',#601,#602);
#601 = CARTESIAN_POINT('',(91.,-1.,37.));
#602 = VECTOR('',#603,1.);
#603 = DIRECTION('',(0.,1.,0.));
#604 = PLANE('',#605);
#605 = AXIS2_PLACEMENT_3D('',#606,#607,#608);
#606 = CARTESIAN_POINT('',(91.,27.40553633218,34.602076124567));
#607 = DIRECTION('',(1.,0.,0.));
#608 = DIRECTION('',(0.,0.,1.));
#609 = ADVANCED_FACE('',(#610),#628,.T.);
#610 = FACE_BOUND('',#611,.T.);
#611 = EDGE_LOOP('',(#612,#620,#626,#627));
#612 = ORIENTED_EDGE('',*,*,#613,.F.);
#613 = EDGE_CURVE('',#614,#584,#616,.T.);
#614 = VERTEX_POINT('',#615);
#615 = CARTESIAN_POINT('',(88.8,53.6,4.));
#616 = LINE('',#617,#618);
#617 = CARTESIAN_POINT('',(88.8,53.6,4.));
#618 = VECTOR('',#619,1.);
#619 = DIRECTION('',(1.,0.,0.));
#620 = ORIENTED_EDGE('',*,*,#621,.T.);
#621 = EDGE_CURVE('',#614,#56,#622,.T.);
#622 = LINE('',#623,#624);
#623 = CARTESIAN_POINT('',(88.8,53.6,4.));
#624 = VECTOR('',#625,1.);
#625 = DIRECTION('',(0.,0.,1.));
#626 = ORIENTED_EDGE('',*,*,#63,.T.);
#627 = ORIENTED_EDGE('',*,*,#591,.F.);
#628 = PLANE('',#629);
#629 = AXIS2_PLACEMENT_3D('',#630,#631,#632);
#630 = CARTESIAN_POINT('',(88.8,53.6,4.));
#631 = DIRECTION('',(0.,1.,0.));
#632 = DIRECTION('',(0.,0.,1.));
#633 = ADVANCED_FACE('',(#634),#684,.T.);
#634 = FACE_BOUND('',#635,.T.);
#635 = EDGE_LOOP('',(#636,#646,#654,#660,#661,#662,#670,#678));
#636 = ORIENTED_EDGE('',*,*,#637,.T.);
#637 = EDGE_CURVE('',#638,#640,#642,.T.);
#638 = VERTEX_POINT('',#639);
#639 = CARTESIAN_POINT('',(88.8,0.,8.7));
#640 = VERTEX_POINT('',#641);
#641 = CARTESIAN_POINT('',(88.8,0.,61.3));
#642 = LINE('',#643,#644);
#643 = CARTESIAN_POINT('',(88.8,0.,21.85));
#644 = VECTOR('',#645,1.);
#645 = DIRECTION('',(0.,0.,1.));
#646 = ORIENTED_EDGE('',*,*,#647,.T.);
#647 = EDGE_CURVE('',#640,#648,#650,.T.);
#648 = VERTEX_POINT('',#649);
#649 = CARTESIAN_POINT('',(88.8,4.,61.3));
#650 = LINE('',#651,#652);
#651 = CARTESIAN_POINT('',(88.8,-1.,61.3));
#652 = VECTOR('',#653,1.);
#653 = DIRECTION('',(0.,1.,0.));
#654 = ORIENTED_EDGE('',*,*,#655,.T.);
#655 = EDGE_CURVE('',#648,#48,#656,.T.);
#656 = LINE('',#657,#658);
#657 = CARTESIAN_POINT('',(88.8,4.,19.5));
#658 = VECTOR('',#659,1.);
#659 = DIRECTION('',(0.,0.,1.));
#660 = ORIENTED_EDGE('',*,*,#55,.T.);
#661 = ORIENTED_EDGE('',*,*,#621,.F.);
#662 = ORIENTED_EDGE('',*,*,#663,.F.);
#663 = EDGE_CURVE('',#664,#614,#666,.T.);
#664 = VERTEX_POINT('',#665);
#665 = CARTESIAN_POINT('',(88.8,4.,4.));
#666 = LINE('',#667,#668);
#667 = CARTESIAN_POINT('',(88.8,3.8,4.));
#668 = VECTOR('',#669,1.);
#669 = DIRECTION('',(0.,1.,0.));
#670 = ORIENTED_EDGE('',*,*,#671,.T.);
#671 = EDGE_CURVE('',#664,#672,#674,.T.);
#672 = VERTEX_POINT('',#673);
#673 = CARTESIAN_POINT('',(88.8,4.,8.7));
#674 = LINE('',#675,#676);
#675 = CARTESIAN_POINT('',(88.8,4.,19.5));
#676 = VECTOR('',#677,1.);
#677 = DIRECTION('',(0.,0.,1.));
#678 = ORIENTED_EDGE('',*,*,#679,.F.);
#679 = EDGE_CURVE('',#638,#672,#680,.T.);
#680 = LINE('',#681,#682);
#681 = CARTESIAN_POINT('',(88.8,-1.,8.7));
#682 = VECTOR('',#683,1.);
#683 = DIRECTION('',(0.,1.,0.));
#684 = PLANE('',#685);
#685 = AXIS2_PLACEMENT_3D('',#686,#687,#688);
#686 = CARTESIAN_POINT('',(88.8,26.962629757785,35.));
#687 = DIRECTION('',(-1.,-0.,-0.));
#688 = DIRECTION('',(0.,0.,-1.));
#689 = ADVANCED_FACE('',(#690),#701,.F.);
#690 = FACE_BOUND('',#691,.F.);
#691 = EDGE_LOOP('',(#692,#699,#700));
#692 = ORIENTED_EDGE('',*,*,#693,.T.);
#693 = EDGE_CURVE('',#40,#648,#694,.T.);
#694 = CIRCLE('',#695,5.5);
#695 = AXIS2_PLACEMENT_3D('',#696,#697,#698);
#696 = CARTESIAN_POINT('',(83.3,4.,61.3));
#697 = DIRECTION('',(0.,1.,0.));
#698 = DIRECTION('',(0.,0.,1.));
#699 = ORIENTED_EDGE('',*,*,#655,.T.);
#700 = ORIENTED_EDGE('',*,*,#47,.F.);
#701 = PLANE('',#702);
#702 = AXIS2_PLACEMENT_3D('',#703,#704,#705);
#703 = CARTESIAN_POINT('',(65.,4.,35.));
#704 = DIRECTION('',(-0.,-1.,-0.));
#705 = DIRECTION('',(0.,0.,-1.));
#706 = ADVANCED_FACE('',(#707),#736,.F.);
#707 = FACE_BOUND('',#708,.F.);
#708 = EDGE_LOOP('',(#709,#718,#726,#733,#734,#735));
#709 = ORIENTED_EDGE('',*,*,#710,.F.);
#710 = EDGE_CURVE('',#711,#32,#713,.T.);
#711 = VERTEX_POINT('',#712);
#712 = CARTESIAN_POINT('',(83.3,5.,66.8));
#713 = CIRCLE('',#714,5.5);
#714 = AXIS2_PLACEMENT_3D('',#715,#716,#717);
#715 = CARTESIAN_POINT('',(83.3,5.,61.3));
#716 = DIRECTION('',(0.,1.,0.));
#717 = DIRECTION('',(0.,0.,1.));
#718 = ORIENTED_EDGE('',*,*,#719,.F.);
#719 = EDGE_CURVE('',#720,#711,#722,.T.);
#720 = VERTEX_POINT('',#721);
#721 = CARTESIAN_POINT('',(83.3,0.,66.8));
#722 = LINE('',#723,#724);
#723 = CARTESIAN_POINT('',(83.3,-1.,66.8));
#724 = VECTOR('',#725,1.);
#725 = DIRECTION('',(0.,1.,0.));
#726 = ORIENTED_EDGE('',*,*,#727,.T.);
#727 = EDGE_CURVE('',#720,#640,#728,.T.);
#728 = CIRCLE('',#729,5.5);
#729 = AXIS2_PLACEMENT_3D('',#730,#731,#732);
#730 = CARTESIAN_POINT('',(83.3,0.,61.3));
#731 = DIRECTION('',(0.,1.,0.));
#732 = DIRECTION('',(0.,0.,1.));
#733 = ORIENTED_EDGE('',*,*,#647,.T.);
#734 = ORIENTED_EDGE('',*,*,#693,.F.);
#735 = ORIENTED_EDGE('',*,*,#39,.T.);
#736 = CYLINDRICAL_SURFACE('',#737,5.5);
#737 = AXIS2_PLACEMENT_3D('',#738,#739,#740);
#738 = CARTESIAN_POINT('',(83.3,-1.,61.3));
#739 = DIRECTION('',(0.,1.,0.));
#740 = DIRECTION('',(0.,0.,1.));
#741 = ADVANCED_FACE('',(#742),#762,.F.);
#742 = FACE_BOUND('',#743,.F.);
#743 = EDGE_LOOP('',(#744,#745,#754,#760,#761));
#744 = ORIENTED_EDGE('',*,*,#168,.F.);
#745 = ORIENTED_EDGE('',*,*,#746,.T.);
#746 = EDGE_CURVE('',#161,#747,#749,.T.);
#747 = VERTEX_POINT('',#748);
#748 = CARTESIAN_POINT('',(9.5,5.,66.8));
#749 = CIRCLE('',#750,5.5);
#750 = AXIS2_PLACEMENT_3D('',#751,#752,#753);
#751 = CARTESIAN_POINT('',(9.5,5.,61.3));
#752 = DIRECTION('',(0.,1.,0.));
#753 = DIRECTION('',(0.,0.,1.));
#754 = ORIENTED_EDGE('',*,*,#755,.T.);
#755 = EDGE_CURVE('',#747,#711,#756,.T.);
#756 = LINE('',#757,#758);
#757 = CARTESIAN_POINT('',(9.5,5.,66.8));
#758 = VECTOR('',#759,1.);
#759 = DIRECTION('',(1.,0.,0.));
#760 = ORIENTED_EDGE('',*,*,#710,.T.);
#761 = ORIENTED_EDGE('',*,*,#31,.T.);
#762 = PLANE('',#763);
#763 = AXIS2_PLACEMENT_3D('',#764,#765,#766);
#764 = CARTESIAN_POINT('',(46.4,5.,35.));
#765 = DIRECTION('',(0.,1.,0.));
#766 = DIRECTION('',(0.,0.,1.));
#767 = ADVANCED_FACE('',(#768),#836,.T.);
#768 = FACE_BOUND('',#769,.T.);
#769 = EDGE_LOOP('',(#770,#780,#788,#796,#802,#803,#804,#805,#806,#814,
    #822,#830));
#770 = ORIENTED_EDGE('',*,*,#771,.F.);
#771 = EDGE_CURVE('',#772,#774,#776,.T.);
#772 = VERTEX_POINT('',#773);
#773 = CARTESIAN_POINT('',(4.,4.,8.));
#774 = VERTEX_POINT('',#775);
#775 = CARTESIAN_POINT('',(4.,4.,8.7));
#776 = LINE('',#777,#778);
#777 = CARTESIAN_POINT('',(4.,4.,8.));
#778 = VECTOR('',#779,1.);
#779 = DIRECTION('',(0.,0.,1.));
#780 = ORIENTED_EDGE('',*,*,#781,.T.);
#781 = EDGE_CURVE('',#772,#782,#784,.T.);
#782 = VERTEX_POINT('',#783);
#783 = CARTESIAN_POINT('',(4.,44.,8.));
#784 = LINE('',#785,#786);
#785 = CARTESIAN_POINT('',(4.,4.,8.));
#786 = VECTOR('',#787,1.);
#787 = DIRECTION('',(0.,1.,0.));
#788 = ORIENTED_EDGE('',*,*,#789,.T.);
#789 = EDGE_CURVE('',#782,#790,#792,.T.);
#790 = VERTEX_POINT('',#791);
#791 = CARTESIAN_POINT('',(4.,44.,9.464101615138));
#792 = LINE('',#793,#794);
#793 = CARTESIAN_POINT('',(4.,44.,20.5));
#794 = VECTOR('',#795,1.);
#795 = DIRECTION('',(0.,0.,1.));
#796 = ORIENTED_EDGE('',*,*,#797,.T.);
#797 = EDGE_CURVE('',#790,#336,#798,.T.);
#798 = LINE('',#799,#800);
#799 = CARTESIAN_POINT('',(4.,44.,9.464101615138));
#800 = VECTOR('',#801,1.);
#801 = DIRECTION('',(0.,1.,0.));
#802 = ORIENTED_EDGE('',*,*,#335,.F.);
#803 = ORIENTED_EDGE('',*,*,#227,.F.);
#804 = ORIENTED_EDGE('',*,*,#201,.T.);
#805 = ORIENTED_EDGE('',*,*,#141,.F.);
#806 = ORIENTED_EDGE('',*,*,#807,.F.);
#807 = EDGE_CURVE('',#808,#142,#810,.T.);
#808 = VERTEX_POINT('',#809);
#809 = CARTESIAN_POINT('',(4.,4.,61.3));
#810 = LINE('',#811,#812);
#811 = CARTESIAN_POINT('',(4.,4.,8.));
#812 = VECTOR('',#813,1.);
#813 = DIRECTION('',(0.,0.,1.));
#814 = ORIENTED_EDGE('',*,*,#815,.F.);
#815 = EDGE_CURVE('',#816,#808,#818,.T.);
#816 = VERTEX_POINT('',#817);
#817 = CARTESIAN_POINT('',(4.,0.,61.3));
#818 = LINE('',#819,#820);
#819 = CARTESIAN_POINT('',(4.,-1.,61.3));
#820 = VECTOR('',#821,1.);
#821 = DIRECTION('',(0.,1.,0.));
#822 = ORIENTED_EDGE('',*,*,#823,.F.);
#823 = EDGE_CURVE('',#824,#816,#826,.T.);
#824 = VERTEX_POINT('',#825);
#825 = CARTESIAN_POINT('',(4.,0.,8.7));
#826 = LINE('',#827,#828);
#827 = CARTESIAN_POINT('',(4.,0.,21.85));
#828 = VECTOR('',#829,1.);
#829 = DIRECTION('',(0.,0.,1.));
#830 = ORIENTED_EDGE('',*,*,#831,.T.);
#831 = EDGE_CURVE('',#824,#774,#832,.T.);
#832 = LINE('',#833,#834);
#833 = CARTESIAN_POINT('',(4.,-1.,8.7));
#834 = VECTOR('',#835,1.);
#835 = DIRECTION('',(0.,1.,0.));
#836 = PLANE('',#837);
#837 = AXIS2_PLACEMENT_3D('',#838,#839,#840);
#838 = CARTESIAN_POINT('',(4.,28.025454545455,35.));
#839 = DIRECTION('',(1.,0.,0.));
#840 = DIRECTION('',(0.,0.,1.));
#841 = ADVANCED_FACE('',(#842),#869,.F.);
#842 = FACE_BOUND('',#843,.F.);
#843 = EDGE_LOOP('',(#844,#845,#846,#853,#854,#863));
#844 = ORIENTED_EDGE('',*,*,#746,.F.);
#845 = ORIENTED_EDGE('',*,*,#160,.F.);
#846 = ORIENTED_EDGE('',*,*,#847,.F.);
#847 = EDGE_CURVE('',#808,#152,#848,.T.);
#848 = CIRCLE('',#849,5.5);
#849 = AXIS2_PLACEMENT_3D('',#850,#851,#852);
#850 = CARTESIAN_POINT('',(9.5,4.,61.3));
#851 = DIRECTION('',(0.,1.,0.));
#852 = DIRECTION('',(0.,0.,1.));
#853 = ORIENTED_EDGE('',*,*,#815,.F.);
#854 = ORIENTED_EDGE('',*,*,#855,.T.);
#855 = EDGE_CURVE('',#816,#856,#858,.T.);
#856 = VERTEX_POINT('',#857);
#857 = CARTESIAN_POINT('',(9.5,0.,66.8));
#858 = CIRCLE('',#859,5.5);
#859 = AXIS2_PLACEMENT_3D('',#860,#861,#862);
#860 = CARTESIAN_POINT('',(9.5,0.,61.3));
#861 = DIRECTION('',(0.,1.,0.));
#862 = DIRECTION('',(0.,0.,1.));
#863 = ORIENTED_EDGE('',*,*,#864,.T.);
#864 = EDGE_CURVE('',#856,#747,#865,.T.);
#865 = LINE('',#866,#867);
#866 = CARTESIAN_POINT('',(9.5,-1.,66.8));
#867 = VECTOR('',#868,1.);
#868 = DIRECTION('',(0.,1.,0.));
#869 = CYLINDRICAL_SURFACE('',#870,5.5);
#870 = AXIS2_PLACEMENT_3D('',#871,#872,#873);
#871 = CARTESIAN_POINT('',(9.5,-1.,61.3));
#872 = DIRECTION('',(0.,1.,0.));
#873 = DIRECTION('',(0.,0.,1.));
#874 = ADVANCED_FACE('',(#875),#880,.F.);
#875 = FACE_BOUND('',#876,.F.);
#876 = EDGE_LOOP('',(#877,#878,#879));
#877 = ORIENTED_EDGE('',*,*,#807,.F.);
#878 = ORIENTED_EDGE('',*,*,#847,.T.);
#879 = ORIENTED_EDGE('',*,*,#151,.F.);
#880 = PLANE('',#881);
#881 = AXIS2_PLACEMENT_3D('',#882,#883,#884);
#882 = CARTESIAN_POINT('',(65.,4.,35.));
#883 = DIRECTION('',(-0.,-1.,-0.));
#884 = DIRECTION('',(0.,0.,-1.));
#885 = ADVANCED_FACE('',(#886),#911,.F.);
#886 = FACE_BOUND('',#887,.F.);
#887 = EDGE_LOOP('',(#888,#896,#904,#910));
#888 = ORIENTED_EDGE('',*,*,#889,.F.);
#889 = EDGE_CURVE('',#890,#242,#892,.T.);
#890 = VERTEX_POINT('',#891);
#891 = CARTESIAN_POINT('',(8.,0.,0.));
#892 = LINE('',#893,#894);
#893 = CARTESIAN_POINT('',(8.,0.,0.));
#894 = VECTOR('',#895,1.);
#895 = DIRECTION('',(0.,1.,0.));
#896 = ORIENTED_EDGE('',*,*,#897,.T.);
#897 = EDGE_CURVE('',#890,#898,#900,.T.);
#898 = VERTEX_POINT('',#899);
#899 = CARTESIAN_POINT('',(122.,0.,0.));
#900 = LINE('',#901,#902);
#901 = CARTESIAN_POINT('',(8.,0.,0.));
#902 = VECTOR('',#903,1.);
#903 = DIRECTION('',(1.,0.,0.));
#904 = ORIENTED_EDGE('',*,*,#905,.T.);
#905 = EDGE_CURVE('',#898,#244,#906,.T.);
#906 = LINE('',#907,#908);
#907 = CARTESIAN_POINT('',(122.,0.,0.));
#908 = VECTOR('',#909,1.);
#909 = DIRECTION('',(0.,1.,0.));
#910 = ORIENTED_EDGE('',*,*,#241,.F.);
#911 = PLANE('',#912);
#912 = AXIS2_PLACEMENT_3D('',#913,#914,#915);
#913 = CARTESIAN_POINT('',(8.,0.,0.));
#914 = DIRECTION('',(0.,0.,1.));
#915 = DIRECTION('',(1.,0.,0.));
#916 = ADVANCED_FACE('',(#917),#936,.T.);
#917 = FACE_BOUND('',#918,.T.);
#918 = EDGE_LOOP('',(#919,#920,#921,#930));
#919 = ORIENTED_EDGE('',*,*,#251,.F.);
#920 = ORIENTED_EDGE('',*,*,#889,.F.);
#921 = ORIENTED_EDGE('',*,*,#922,.T.);
#922 = EDGE_CURVE('',#890,#923,#925,.T.);
#923 = VERTEX_POINT('',#924);
#924 = CARTESIAN_POINT('',(0.,0.,8.));
#925 = CIRCLE('',#926,8.);
#926 = AXIS2_PLACEMENT_3D('',#927,#928,#929);
#927 = CARTESIAN_POINT('',(8.,0.,8.));
#928 = DIRECTION('',(0.,1.,0.));
#929 = DIRECTION('',(0.,0.,1.));
#930 = ORIENTED_EDGE('',*,*,#931,.T.);
#931 = EDGE_CURVE('',#923,#252,#932,.T.);
#932 = LINE('',#933,#934);
#933 = CARTESIAN_POINT('',(0.,0.,8.));
#934 = VECTOR('',#935,1.);
#935 = DIRECTION('',(0.,1.,0.));
#936 = CYLINDRICAL_SURFACE('',#937,8.);
#937 = AXIS2_PLACEMENT_3D('',#938,#939,#940);
#938 = CARTESIAN_POINT('',(8.,0.,8.));
#939 = DIRECTION('',(0.,1.,0.));
#940 = DIRECTION('',(0.,0.,1.));
#941 = ADVANCED_FACE('',(#942),#961,.T.);
#942 = FACE_BOUND('',#943,.T.);
#943 = EDGE_LOOP('',(#944,#945,#953,#960));
#944 = ORIENTED_EDGE('',*,*,#302,.F.);
#945 = ORIENTED_EDGE('',*,*,#946,.F.);
#946 = EDGE_CURVE('',#947,#295,#949,.T.);
#947 = VERTEX_POINT('',#948);
#948 = CARTESIAN_POINT('',(130.,0.,8.));
#949 = LINE('',#950,#951);
#950 = CARTESIAN_POINT('',(130.,0.,8.));
#951 = VECTOR('',#952,1.);
#952 = DIRECTION('',(0.,1.,0.));
#953 = ORIENTED_EDGE('',*,*,#954,.T.);
#954 = EDGE_CURVE('',#947,#898,#955,.T.);
#955 = CIRCLE('',#956,8.);
#956 = AXIS2_PLACEMENT_3D('',#957,#958,#959);
#957 = CARTESIAN_POINT('',(122.,0.,8.));
#958 = DIRECTION('',(0.,1.,0.));
#959 = DIRECTION('',(0.,0.,1.));
#960 = ORIENTED_EDGE('',*,*,#905,.T.);
#961 = CYLINDRICAL_SURFACE('',#962,8.);
#962 = AXIS2_PLACEMENT_3D('',#963,#964,#965);
#963 = CARTESIAN_POINT('',(122.,0.,8.));
#964 = DIRECTION('',(0.,1.,0.));
#965 = DIRECTION('',(0.,0.,1.));
#966 = ADVANCED_FACE('',(#967),#985,.F.);
#967 = FACE_BOUND('',#968,.F.);
#968 = EDGE_LOOP('',(#969,#977,#978,#979));
#969 = ORIENTED_EDGE('',*,*,#970,.F.);
#970 = EDGE_CURVE('',#923,#971,#973,.T.);
#971 = VERTEX_POINT('',#972);
#972 = CARTESIAN_POINT('',(0.,0.,62.));
#973 = LINE('',#974,#975);
#974 = CARTESIAN_POINT('',(0.,0.,8.));
#975 = VECTOR('',#976,1.);
#976 = DIRECTION('',(0.,0.,1.));
#977 = ORIENTED_EDGE('',*,*,#931,.T.);
#978 = ORIENTED_EDGE('',*,*,#260,.T.);
#979 = ORIENTED_EDGE('',*,*,#980,.F.);
#980 = EDGE_CURVE('',#971,#261,#981,.T.);
#981 = LINE('',#982,#983);
#982 = CARTESIAN_POINT('',(0.,0.,62.));
#983 = VECTOR('',#984,1.);
#984 = DIRECTION('',(0.,1.,0.));
#985 = PLANE('',#986);
#986 = AXIS2_PLACEMENT_3D('',#987,#988,#989);
#987 = CARTESIAN_POINT('',(0.,0.,8.));
#988 = DIRECTION('',(1.,0.,0.));
#989 = DIRECTION('',(0.,0.,1.));
#990 = ADVANCED_FACE('',(#991),#1009,.T.);
#991 = FACE_BOUND('',#992,.T.);
#992 = EDGE_LOOP('',(#993,#1001,#1002,#1003));
#993 = ORIENTED_EDGE('',*,*,#994,.F.);
#994 = EDGE_CURVE('',#947,#995,#997,.T.);
#995 = VERTEX_POINT('',#996);
#996 = CARTESIAN_POINT('',(130.,0.,62.));
#997 = LINE('',#998,#999);
#998 = CARTESIAN_POINT('',(130.,0.,8.));
#999 = VECTOR('',#1000,1.);
#1000 = DIRECTION('',(0.,0.,1.));
#1001 = ORIENTED_EDGE('',*,*,#946,.T.);
#1002 = ORIENTED_EDGE('',*,*,#294,.T.);
#1003 = ORIENTED_EDGE('',*,*,#1004,.F.);
#1004 = EDGE_CURVE('',#995,#286,#1005,.T.);
#1005 = LINE('',#1006,#1007);
#1006 = CARTESIAN_POINT('',(130.,0.,62.));
#1007 = VECTOR('',#1008,1.);
#1008 = DIRECTION('',(0.,1.,0.));
#1009 = PLANE('',#1010);
#1010 = AXIS2_PLACEMENT_3D('',#1011,#1012,#1013);
#1011 = CARTESIAN_POINT('',(130.,0.,8.));
#1012 = DIRECTION('',(1.,0.,0.));
#1013 = DIRECTION('',(0.,0.,1.));
#1014 = ADVANCED_FACE('',(#1015),#1034,.T.);
#1015 = FACE_BOUND('',#1016,.T.);
#1016 = EDGE_LOOP('',(#1017,#1018,#1019,#1028));
#1017 = ORIENTED_EDGE('',*,*,#268,.F.);
#1018 = ORIENTED_EDGE('',*,*,#980,.F.);
#1019 = ORIENTED_EDGE('',*,*,#1020,.T.);
#1020 = EDGE_CURVE('',#971,#1021,#1023,.T.);
#1021 = VERTEX_POINT('',#1022);
#1022 = CARTESIAN_POINT('',(8.,0.,70.));
#1023 = CIRCLE('',#1024,8.);
#1024 = AXIS2_PLACEMENT_3D('',#1025,#1026,#1027);
#1025 = CARTESIAN_POINT('',(8.,0.,62.));
#1026 = DIRECTION('',(0.,1.,0.));
#1027 = DIRECTION('',(0.,0.,1.));
#1028 = ORIENTED_EDGE('',*,*,#1029,.T.);
#1029 = EDGE_CURVE('',#1021,#269,#1030,.T.);
#1030 = LINE('',#1031,#1032);
#1031 = CARTESIAN_POINT('',(8.,0.,70.));
#1032 = VECTOR('',#1033,1.);
#1033 = DIRECTION('',(0.,1.,0.));
#1034 = CYLINDRICAL_SURFACE('',#1035,8.);
#1035 = AXIS2_PLACEMENT_3D('',#1036,#1037,#1038);
#1036 = CARTESIAN_POINT('',(8.,0.,62.));
#1037 = DIRECTION('',(0.,1.,0.));
#1038 = DIRECTION('',(0.,0.,1.));
#1039 = ADVANCED_FACE('',(#1040),#1059,.T.);
#1040 = FACE_BOUND('',#1041,.T.);
#1041 = EDGE_LOOP('',(#1042,#1043,#1051,#1058));
#1042 = ORIENTED_EDGE('',*,*,#285,.F.);
#1043 = ORIENTED_EDGE('',*,*,#1044,.F.);
#1044 = EDGE_CURVE('',#1045,#278,#1047,.T.);
#1045 = VERTEX_POINT('',#1046);
#1046 = CARTESIAN_POINT('',(122.,0.,70.));
#1047 = LINE('',#1048,#1049);
#1048 = CARTESIAN_POINT('',(122.,0.,70.));
#1049 = VECTOR('',#1050,1.);
#1050 = DIRECTION('',(0.,1.,0.));
#1051 = ORIENTED_EDGE('',*,*,#1052,.T.);
#1052 = EDGE_CURVE('',#1045,#995,#1053,.T.);
#1053 = CIRCLE('',#1054,8.);
#1054 = AXIS2_PLACEMENT_3D('',#1055,#1056,#1057);
#1055 = CARTESIAN_POINT('',(122.,0.,62.));
#1056 = DIRECTION('',(0.,1.,0.));
#1057 = DIRECTION('',(0.,0.,1.));
#1058 = ORIENTED_EDGE('',*,*,#1004,.T.);
#1059 = CYLINDRICAL_SURFACE('',#1060,8.);
#1060 = AXIS2_PLACEMENT_3D('',#1061,#1062,#1063);
#1061 = CARTESIAN_POINT('',(122.,0.,62.));
#1062 = DIRECTION('',(0.,1.,0.));
#1063 = DIRECTION('',(0.,0.,1.));
#1064 = ADVANCED_FACE('',(#1065),#1076,.T.);
#1065 = FACE_BOUND('',#1066,.T.);
#1066 = EDGE_LOOP('',(#1067,#1068,#1074,#1075));
#1067 = ORIENTED_EDGE('',*,*,#1029,.F.);
#1068 = ORIENTED_EDGE('',*,*,#1069,.T.);
#1069 = EDGE_CURVE('',#1021,#1045,#1070,.T.);
#1070 = LINE('',#1071,#1072);
#1071 = CARTESIAN_POINT('',(8.,0.,70.));
#1072 = VECTOR('',#1073,1.);
#1073 = DIRECTION('',(1.,0.,0.));
#1074 = ORIENTED_EDGE('',*,*,#1044,.T.);
#1075 = ORIENTED_EDGE('',*,*,#277,.F.);
#1076 = PLANE('',#1077);
#1077 = AXIS2_PLACEMENT_3D('',#1078,#1079,#1080);
#1078 = CARTESIAN_POINT('',(8.,0.,70.));
#1079 = DIRECTION('',(0.,0.,1.));
#1080 = DIRECTION('',(1.,0.,0.));
#1081 = ADVANCED_FACE('',(#1082),#1101,.F.);
#1082 = FACE_BOUND('',#1083,.F.);
#1083 = EDGE_LOOP('',(#1084,#1085,#1093,#1100));
#1084 = ORIENTED_EDGE('',*,*,#311,.F.);
#1085 = ORIENTED_EDGE('',*,*,#1086,.F.);
#1086 = EDGE_CURVE('',#1087,#312,#1089,.T.);
#1087 = VERTEX_POINT('',#1088);
#1088 = CARTESIAN_POINT('',(6.,55.4,7.6));
#1089 = LINE('',#1090,#1091);
#1090 = CARTESIAN_POINT('',(6.,55.4,7.6));
#1091 = VECTOR('',#1092,1.);
#1092 = DIRECTION('',(0.,1.,0.));
#1093 = ORIENTED_EDGE('',*,*,#1094,.T.);
#1094 = EDGE_CURVE('',#1087,#1087,#1095,.T.);
#1095 = CIRCLE('',#1096,1.6);
#1096 = AXIS2_PLACEMENT_3D('',#1097,#1098,#1099);
#1097 = CARTESIAN_POINT('',(6.,55.4,6.));
#1098 = DIRECTION('',(0.,1.,0.));
#1099 = DIRECTION('',(0.,0.,1.));
#1100 = ORIENTED_EDGE('',*,*,#1086,.T.);
#1101 = CYLINDRICAL_SURFACE('',#1102,1.6);
#1102 = AXIS2_PLACEMENT_3D('',#1103,#1104,#1105);
#1103 = CARTESIAN_POINT('',(6.,55.4,6.));
#1104 = DIRECTION('',(0.,1.,0.));
#1105 = DIRECTION('',(0.,0.,1.));
#1106 = ADVANCED_FACE('',(#1107),#1126,.F.);
#1107 = FACE_BOUND('',#1108,.F.);
#1108 = EDGE_LOOP('',(#1109,#1110,#1118,#1125));
#1109 = ORIENTED_EDGE('',*,*,#322,.F.);
#1110 = ORIENTED_EDGE('',*,*,#1111,.F.);
#1111 = EDGE_CURVE('',#1112,#323,#1114,.T.);
#1112 = VERTEX_POINT('',#1113);
#1113 = CARTESIAN_POINT('',(6.,55.4,65.6));
#1114 = LINE('',#1115,#1116);
#1115 = CARTESIAN_POINT('',(6.,55.4,65.6));
#1116 = VECTOR('',#1117,1.);
#1117 = DIRECTION('',(0.,1.,0.));
#1118 = ORIENTED_EDGE('',*,*,#1119,.T.);
#1119 = EDGE_CURVE('',#1112,#1112,#1120,.T.);
#1120 = CIRCLE('',#1121,1.6);
#1121 = AXIS2_PLACEMENT_3D('',#1122,#1123,#1124);
#1122 = CARTESIAN_POINT('',(6.,55.4,64.));
#1123 = DIRECTION('',(0.,1.,0.));
#1124 = DIRECTION('',(0.,0.,1.));
#1125 = ORIENTED_EDGE('',*,*,#1111,.T.);
#1126 = CYLINDRICAL_SURFACE('',#1127,1.6);
#1127 = AXIS2_PLACEMENT_3D('',#1128,#1129,#1130);
#1128 = CARTESIAN_POINT('',(6.,55.4,64.));
#1129 = DIRECTION('',(0.,1.,0.));
#1130 = DIRECTION('',(0.,0.,1.));
#1131 = ADVANCED_FACE('',(#1132),#1193,.T.);
#1132 = FACE_BOUND('',#1133,.T.);
#1133 = EDGE_LOOP('',(#1134,#1144,#1152,#1160,#1168,#1174,#1175,#1176,
    #1177,#1178,#1179,#1187));
#1134 = ORIENTED_EDGE('',*,*,#1135,.F.);
#1135 = EDGE_CURVE('',#1136,#1138,#1140,.T.);
#1136 = VERTEX_POINT('',#1137);
#1137 = CARTESIAN_POINT('',(126.,4.,8.));
#1138 = VERTEX_POINT('',#1139);
#1139 = CARTESIAN_POINT('',(126.,44.,8.));
#1140 = LINE('',#1141,#1142);
#1141 = CARTESIAN_POINT('',(126.,4.,8.));
#1142 = VECTOR('',#1143,1.);
#1143 = DIRECTION('',(0.,1.,0.));
#1144 = ORIENTED_EDGE('',*,*,#1145,.T.);
#1145 = EDGE_CURVE('',#1136,#1146,#1148,.T.);
#1146 = VERTEX_POINT('',#1147);
#1147 = CARTESIAN_POINT('',(126.,4.,10.));
#1148 = LINE('',#1149,#1150);
#1149 = CARTESIAN_POINT('',(126.,4.,8.));
#1150 = VECTOR('',#1151,1.);
#1151 = DIRECTION('',(0.,0.,1.));
#1152 = ORIENTED_EDGE('',*,*,#1153,.F.);
#1153 = EDGE_CURVE('',#1154,#1146,#1156,.T.);
#1154 = VERTEX_POINT('',#1155);
#1155 = CARTESIAN_POINT('',(126.,0.,10.));
#1156 = LINE('',#1157,#1158);
#1157 = CARTESIAN_POINT('',(126.,-1.,10.));
#1158 = VECTOR('',#1159,1.);
#1159 = DIRECTION('',(0.,1.,0.));
#1160 = ORIENTED_EDGE('',*,*,#1161,.T.);
#1161 = EDGE_CURVE('',#1154,#1162,#1164,.T.);
#1162 = VERTEX_POINT('',#1163);
#1163 = CARTESIAN_POINT('',(126.,0.,37.));
#1164 = LINE('',#1165,#1166);
#1165 = CARTESIAN_POINT('',(126.,0.,22.5));
#1166 = VECTOR('',#1167,1.);
#1167 = DIRECTION('',(0.,0.,1.));
#1168 = ORIENTED_EDGE('',*,*,#1169,.T.);
#1169 = EDGE_CURVE('',#1162,#534,#1170,.T.);
#1170 = LINE('',#1171,#1172);
#1171 = CARTESIAN_POINT('',(126.,-1.,37.));
#1172 = VECTOR('',#1173,1.);
#1173 = DIRECTION('',(0.,1.,0.));
#1174 = ORIENTED_EDGE('',*,*,#542,.T.);
#1175 = ORIENTED_EDGE('',*,*,#493,.T.);
#1176 = ORIENTED_EDGE('',*,*,#457,.T.);
#1177 = ORIENTED_EDGE('',*,*,#433,.T.);
#1178 = ORIENTED_EDGE('',*,*,#387,.T.);
#1179 = ORIENTED_EDGE('',*,*,#1180,.F.);
#1180 = EDGE_CURVE('',#1181,#379,#1183,.T.);
#1181 = VERTEX_POINT('',#1182);
#1182 = CARTESIAN_POINT('',(126.,44.,9.464101615138));
#1183 = LINE('',#1184,#1185);
#1184 = CARTESIAN_POINT('',(126.,44.,9.464101615138));
#1185 = VECTOR('',#1186,1.);
#1186 = DIRECTION('',(0.,1.,0.));
#1187 = ORIENTED_EDGE('',*,*,#1188,.T.);
#1188 = EDGE_CURVE('',#1181,#1138,#1189,.T.);
#1189 = LINE('',#1190,#1191);
#1190 = CARTESIAN_POINT('',(126.,44.,20.290909090909));
#1191 = VECTOR('',#1192,1.);
#1192 = DIRECTION('',(0.,0.,-1.));
#1193 = PLANE('',#1194);
#1194 = AXIS2_PLACEMENT_3D('',#1195,#1196,#1197);
#1195 = CARTESIAN_POINT('',(126.,28.490909090909,34.581818181818));
#1196 = DIRECTION('',(-1.,-0.,-0.));
#1197 = DIRECTION('',(0.,0.,-1.));
#1198 = ADVANCED_FACE('',(#1199),#1228,.T.);
#1199 = FACE_BOUND('',#1200,.T.);
#1200 = EDGE_LOOP('',(#1201,#1202,#1203,#1212,#1221,#1227));
#1201 = ORIENTED_EDGE('',*,*,#343,.F.);
#1202 = ORIENTED_EDGE('',*,*,#797,.F.);
#1203 = ORIENTED_EDGE('',*,*,#1204,.T.);
#1204 = EDGE_CURVE('',#790,#1205,#1207,.T.);
#1205 = VERTEX_POINT('',#1206);
#1206 = CARTESIAN_POINT('',(6.,44.,10.));
#1207 = CIRCLE('',#1208,4.);
#1208 = AXIS2_PLACEMENT_3D('',#1209,#1210,#1211);
#1209 = CARTESIAN_POINT('',(6.,44.,6.));
#1210 = DIRECTION('',(0.,1.,0.));
#1211 = DIRECTION('',(0.,0.,1.));
#1212 = ORIENTED_EDGE('',*,*,#1213,.T.);
#1213 = EDGE_CURVE('',#1205,#1214,#1216,.T.);
#1214 = VERTEX_POINT('',#1215);
#1215 = CARTESIAN_POINT('',(9.464101615138,44.,4.));
#1216 = CIRCLE('',#1217,4.);
#1217 = AXIS2_PLACEMENT_3D('',#1218,#1219,#1220);
#1218 = CARTESIAN_POINT('',(6.,44.,6.));
#1219 = DIRECTION('',(0.,1.,0.));
#1220 = DIRECTION('',(0.,0.,1.));
#1221 = ORIENTED_EDGE('',*,*,#1222,.T.);
#1222 = EDGE_CURVE('',#1214,#353,#1223,.T.);
#1223 = LINE('',#1224,#1225);
#1224 = CARTESIAN_POINT('',(9.464101615138,44.,4.));
#1225 = VECTOR('',#1226,1.);
#1226 = DIRECTION('',(0.,1.,0.));
#1227 = ORIENTED_EDGE('',*,*,#352,.F.);
#1228 = CYLINDRICAL_SURFACE('',#1229,4.);
#1229 = AXIS2_PLACEMENT_3D('',#1230,#1231,#1232);
#1230 = CARTESIAN_POINT('',(6.,44.,6.));
#1231 = DIRECTION('',(0.,1.,0.));
#1232 = DIRECTION('',(0.,0.,1.));
#1233 = ADVANCED_FACE('',(#1234),#1263,.T.);
#1234 = FACE_BOUND('',#1235,.T.);
#1235 = EDGE_LOOP('',(#1236,#1237,#1245,#1254,#1261,#1262));
#1236 = ORIENTED_EDGE('',*,*,#369,.F.);
#1237 = ORIENTED_EDGE('',*,*,#1238,.F.);
#1238 = EDGE_CURVE('',#1239,#362,#1241,.T.);
#1239 = VERTEX_POINT('',#1240);
#1240 = CARTESIAN_POINT('',(120.53589838486,44.,4.));
#1241 = LINE('',#1242,#1243);
#1242 = CARTESIAN_POINT('',(120.53589838486,44.,4.));
#1243 = VECTOR('',#1244,1.);
#1244 = DIRECTION('',(0.,1.,0.));
#1245 = ORIENTED_EDGE('',*,*,#1246,.T.);
#1246 = EDGE_CURVE('',#1239,#1247,#1249,.T.);
#1247 = VERTEX_POINT('',#1248);
#1248 = CARTESIAN_POINT('',(124.,44.,10.));
#1249 = CIRCLE('',#1250,4.);
#1250 = AXIS2_PLACEMENT_3D('',#1251,#1252,#1253);
#1251 = CARTESIAN_POINT('',(124.,44.,6.));
#1252 = DIRECTION('',(0.,1.,0.));
#1253 = DIRECTION('',(0.,0.,1.));
#1254 = ORIENTED_EDGE('',*,*,#1255,.T.);
#1255 = EDGE_CURVE('',#1247,#1181,#1256,.T.);
#1256 = CIRCLE('',#1257,4.);
#1257 = AXIS2_PLACEMENT_3D('',#1258,#1259,#1260);
#1258 = CARTESIAN_POINT('',(124.,44.,6.));
#1259 = DIRECTION('',(0.,1.,0.));
#1260 = DIRECTION('',(0.,0.,1.));
#1261 = ORIENTED_EDGE('',*,*,#1180,.T.);
#1262 = ORIENTED_EDGE('',*,*,#378,.F.);
#1263 = CYLINDRICAL_SURFACE('',#1264,4.);
#1264 = AXIS2_PLACEMENT_3D('',#1265,#1266,#1267);
#1265 = CARTESIAN_POINT('',(124.,44.,6.));
#1266 = DIRECTION('',(0.,1.,0.));
#1267 = DIRECTION('',(0.,0.,1.));
#1268 = ADVANCED_FACE('',(#1269),#1337,.T.);
#1269 = FACE_BOUND('',#1270,.T.);
#1270 = EDGE_LOOP('',(#1271,#1281,#1289,#1297,#1303,#1304,#1305,#1306,
    #1314,#1322,#1328,#1329,#1330,#1331));
#1271 = ORIENTED_EDGE('',*,*,#1272,.F.);
#1272 = EDGE_CURVE('',#1273,#1275,#1277,.T.);
#1273 = VERTEX_POINT('',#1274);
#1274 = CARTESIAN_POINT('',(8.,5.,4.));
#1275 = VERTEX_POINT('',#1276);
#1276 = CARTESIAN_POINT('',(8.,44.,4.));
#1277 = LINE('',#1278,#1279);
#1278 = CARTESIAN_POINT('',(8.,4.,4.));
#1279 = VECTOR('',#1280,1.);
#1280 = DIRECTION('',(0.,1.,0.));
#1281 = ORIENTED_EDGE('',*,*,#1282,.F.);
#1282 = EDGE_CURVE('',#1283,#1273,#1285,.T.);
#1283 = VERTEX_POINT('',#1284);
#1284 = CARTESIAN_POINT('',(86.156571371417,5.,4.));
#1285 = LINE('',#1286,#1287);
#1286 = CARTESIAN_POINT('',(27.2,5.,4.));
#1287 = VECTOR('',#1288,1.);
#1288 = DIRECTION('',(-1.,0.,0.));
#1289 = ORIENTED_EDGE('',*,*,#1290,.F.);
#1290 = EDGE_CURVE('',#1291,#1283,#1293,.T.);
#1291 = VERTEX_POINT('',#1292);
#1292 = CARTESIAN_POINT('',(86.156571371417,4.,4.));
#1293 = LINE('',#1294,#1295);
#1294 = CARTESIAN_POINT('',(86.156571371417,-1.,4.));
#1295 = VECTOR('',#1296,1.);
#1296 = DIRECTION('',(0.,1.,0.));
#1297 = ORIENTED_EDGE('',*,*,#1298,.T.);
#1298 = EDGE_CURVE('',#1291,#664,#1299,.T.);
#1299 = LINE('',#1300,#1301);
#1300 = CARTESIAN_POINT('',(8.,4.,4.));
#1301 = VECTOR('',#1302,1.);
#1302 = DIRECTION('',(1.,0.,0.));
#1303 = ORIENTED_EDGE('',*,*,#663,.T.);
#1304 = ORIENTED_EDGE('',*,*,#613,.T.);
#1305 = ORIENTED_EDGE('',*,*,#583,.F.);
#1306 = ORIENTED_EDGE('',*,*,#1307,.T.);
#1307 = EDGE_CURVE('',#576,#1308,#1310,.T.);
#1308 = VERTEX_POINT('',#1309);
#1309 = CARTESIAN_POINT('',(122.,4.,4.));
#1310 = LINE('',#1311,#1312);
#1311 = CARTESIAN_POINT('',(8.,4.,4.));
#1312 = VECTOR('',#1313,1.);
#1313 = DIRECTION('',(1.,0.,0.));
#1314 = ORIENTED_EDGE('',*,*,#1315,.T.);
#1315 = EDGE_CURVE('',#1308,#1316,#1318,.T.);
#1316 = VERTEX_POINT('',#1317);
#1317 = CARTESIAN_POINT('',(122.,44.,4.));
#1318 = LINE('',#1319,#1320);
#1319 = CARTESIAN_POINT('',(122.,4.,4.));
#1320 = VECTOR('',#1321,1.);
#1321 = DIRECTION('',(0.,1.,0.));
#1322 = ORIENTED_EDGE('',*,*,#1323,.T.);
#1323 = EDGE_CURVE('',#1316,#1239,#1324,.T.);
#1324 = LINE('',#1325,#1326);
#1325 = CARTESIAN_POINT('',(66.,44.,4.));
#1326 = VECTOR('',#1327,1.);
#1327 = DIRECTION('',(-1.,0.,0.));
#1328 = ORIENTED_EDGE('',*,*,#1238,.T.);
#1329 = ORIENTED_EDGE('',*,*,#361,.F.);
#1330 = ORIENTED_EDGE('',*,*,#1222,.F.);
#1331 = ORIENTED_EDGE('',*,*,#1332,.T.);
#1332 = EDGE_CURVE('',#1214,#1275,#1333,.T.);
#1333 = LINE('',#1334,#1335);
#1334 = CARTESIAN_POINT('',(7.,44.,4.));
#1335 = VECTOR('',#1336,1.);
#1336 = DIRECTION('',(-1.,0.,0.));
#1337 = PLANE('',#1338);
#1338 = AXIS2_PLACEMENT_3D('',#1339,#1340,#1341);
#1339 = CARTESIAN_POINT('',(8.,4.,4.));
#1340 = DIRECTION('',(0.,0.,1.));
#1341 = DIRECTION('',(1.,0.,0.));
#1342 = ADVANCED_FACE('',(#1343),#1362,.F.);
#1343 = FACE_BOUND('',#1344,.F.);
#1344 = EDGE_LOOP('',(#1345,#1346,#1354,#1361));
#1345 = ORIENTED_EDGE('',*,*,#404,.F.);
#1346 = ORIENTED_EDGE('',*,*,#1347,.F.);
#1347 = EDGE_CURVE('',#1348,#405,#1350,.T.);
#1348 = VERTEX_POINT('',#1349);
#1349 = CARTESIAN_POINT('',(124.,55.4,7.6));
#1350 = LINE('',#1351,#1352);
#1351 = CARTESIAN_POINT('',(124.,55.4,7.6));
#1352 = VECTOR('',#1353,1.);
#1353 = DIRECTION('',(0.,1.,0.));
#1354 = ORIENTED_EDGE('',*,*,#1355,.T.);
#1355 = EDGE_CURVE('',#1348,#1348,#1356,.T.);
#1356 = CIRCLE('',#1357,1.6);
#1357 = AXIS2_PLACEMENT_3D('',#1358,#1359,#1360);
#1358 = CARTESIAN_POINT('',(124.,55.4,6.));
#1359 = DIRECTION('',(0.,1.,0.));
#1360 = DIRECTION('',(0.,0.,1.));
#1361 = ORIENTED_EDGE('',*,*,#1347,.T.);
#1362 = CYLINDRICAL_SURFACE('',#1363,1.6);
#1363 = AXIS2_PLACEMENT_3D('',#1364,#1365,#1366);
#1364 = CARTESIAN_POINT('',(124.,55.4,6.));
#1365 = DIRECTION('',(0.,1.,0.));
#1366 = DIRECTION('',(0.,0.,1.));
#1367 = ADVANCED_FACE('',(#1368),#1387,.F.);
#1368 = FACE_BOUND('',#1369,.F.);
#1369 = EDGE_LOOP('',(#1370,#1371,#1379,#1386));
#1370 = ORIENTED_EDGE('',*,*,#415,.F.);
#1371 = ORIENTED_EDGE('',*,*,#1372,.F.);
#1372 = EDGE_CURVE('',#1373,#416,#1375,.T.);
#1373 = VERTEX_POINT('',#1374);
#1374 = CARTESIAN_POINT('',(124.,55.4,65.6));
#1375 = LINE('',#1376,#1377);
#1376 = CARTESIAN_POINT('',(124.,55.4,65.6));
#1377 = VECTOR('',#1378,1.);
#1378 = DIRECTION('',(0.,1.,0.));
#1379 = ORIENTED_EDGE('',*,*,#1380,.T.);
#1380 = EDGE_CURVE('',#1373,#1373,#1381,.T.);
#1381 = CIRCLE('',#1382,1.6);
#1382 = AXIS2_PLACEMENT_3D('',#1383,#1384,#1385);
#1383 = CARTESIAN_POINT('',(124.,55.4,64.));
#1384 = DIRECTION('',(0.,1.,0.));
#1385 = DIRECTION('',(0.,0.,1.));
#1386 = ORIENTED_EDGE('',*,*,#1372,.T.);
#1387 = CYLINDRICAL_SURFACE('',#1388,1.6);
#1388 = AXIS2_PLACEMENT_3D('',#1389,#1390,#1391);
#1389 = CARTESIAN_POINT('',(124.,55.4,64.));
#1390 = DIRECTION('',(0.,1.,0.));
#1391 = DIRECTION('',(0.,0.,1.));
#1392 = ADVANCED_FACE('',(#1393),#1412,.F.);
#1393 = FACE_BOUND('',#1394,.F.);
#1394 = EDGE_LOOP('',(#1395,#1396,#1404,#1411));
#1395 = ORIENTED_EDGE('',*,*,#533,.F.);
#1396 = ORIENTED_EDGE('',*,*,#1397,.F.);
#1397 = EDGE_CURVE('',#1398,#526,#1400,.T.);
#1398 = VERTEX_POINT('',#1399);
#1399 = CARTESIAN_POINT('',(122.,0.,41.));
#1400 = LINE('',#1401,#1402);
#1401 = CARTESIAN_POINT('',(122.,-1.,41.));
#1402 = VECTOR('',#1403,1.);
#1403 = DIRECTION('',(0.,1.,0.));
#1404 = ORIENTED_EDGE('',*,*,#1405,.T.);
#1405 = EDGE_CURVE('',#1398,#1162,#1406,.T.);
#1406 = CIRCLE('',#1407,4.);
#1407 = AXIS2_PLACEMENT_3D('',#1408,#1409,#1410);
#1408 = CARTESIAN_POINT('',(122.,0.,37.));
#1409 = DIRECTION('',(0.,1.,0.));
#1410 = DIRECTION('',(0.,0.,1.));
#1411 = ORIENTED_EDGE('',*,*,#1169,.T.);
#1412 = CYLINDRICAL_SURFACE('',#1413,4.);
#1413 = AXIS2_PLACEMENT_3D('',#1414,#1415,#1416);
#1414 = CARTESIAN_POINT('',(122.,-1.,37.));
#1415 = DIRECTION('',(0.,1.,0.));
#1416 = DIRECTION('',(0.,0.,1.));
#1417 = ADVANCED_FACE('',(#1418),#1436,.F.);
#1418 = FACE_BOUND('',#1419,.F.);
#1419 = EDGE_LOOP('',(#1420,#1428,#1434,#1435));
#1420 = ORIENTED_EDGE('',*,*,#1421,.F.);
#1421 = EDGE_CURVE('',#1422,#517,#1424,.T.);
#1422 = VERTEX_POINT('',#1423);
#1423 = CARTESIAN_POINT('',(95.,0.,41.));
#1424 = LINE('',#1425,#1426);
#1425 = CARTESIAN_POINT('',(95.,-1.,41.));
#1426 = VECTOR('',#1427,1.);
#1427 = DIRECTION('',(0.,1.,0.));
#1428 = ORIENTED_EDGE('',*,*,#1429,.F.);
#1429 = EDGE_CURVE('',#1398,#1422,#1430,.T.);
#1430 = LINE('',#1431,#1432);
#1431 = CARTESIAN_POINT('',(80.,0.,41.));
#1432 = VECTOR('',#1433,1.);
#1433 = DIRECTION('',(-1.,0.,0.));
#1434 = ORIENTED_EDGE('',*,*,#1397,.T.);
#1435 = ORIENTED_EDGE('',*,*,#525,.T.);
#1436 = PLANE('',#1437);
#1437 = AXIS2_PLACEMENT_3D('',#1438,#1439,#1440);
#1438 = CARTESIAN_POINT('',(95.,-1.,41.));
#1439 = DIRECTION('',(0.,0.,1.));
#1440 = DIRECTION('',(1.,0.,0.));
#1441 = ADVANCED_FACE('',(#1442),#1454,.F.);
#1442 = FACE_BOUND('',#1443,.F.);
#1443 = EDGE_LOOP('',(#1444,#1445,#1446,#1453));
#1444 = ORIENTED_EDGE('',*,*,#516,.F.);
#1445 = ORIENTED_EDGE('',*,*,#599,.F.);
#1446 = ORIENTED_EDGE('',*,*,#1447,.T.);
#1447 = EDGE_CURVE('',#560,#1422,#1448,.T.);
#1448 = CIRCLE('',#1449,4.);
#1449 = AXIS2_PLACEMENT_3D('',#1450,#1451,#1452);
#1450 = CARTESIAN_POINT('',(95.,0.,37.));
#1451 = DIRECTION('',(0.,1.,0.));
#1452 = DIRECTION('',(0.,0.,1.));
#1453 = ORIENTED_EDGE('',*,*,#1421,.T.);
#1454 = CYLINDRICAL_SURFACE('',#1455,4.);
#1455 = AXIS2_PLACEMENT_3D('',#1456,#1457,#1458);
#1456 = CARTESIAN_POINT('',(95.,-1.,37.));
#1457 = DIRECTION('',(0.,1.,0.));
#1458 = DIRECTION('',(0.,0.,1.));
#1459 = ADVANCED_FACE('',(#1460,#1470,#1506),#1537,.T.);
#1460 = FACE_BOUND('',#1461,.T.);
#1461 = EDGE_LOOP('',(#1462,#1463,#1464,#1465,#1466,#1467,#1468,#1469));
#1462 = ORIENTED_EDGE('',*,*,#897,.T.);
#1463 = ORIENTED_EDGE('',*,*,#954,.F.);
#1464 = ORIENTED_EDGE('',*,*,#994,.T.);
#1465 = ORIENTED_EDGE('',*,*,#1052,.F.);
#1466 = ORIENTED_EDGE('',*,*,#1069,.F.);
#1467 = ORIENTED_EDGE('',*,*,#1020,.F.);
#1468 = ORIENTED_EDGE('',*,*,#970,.F.);
#1469 = ORIENTED_EDGE('',*,*,#922,.F.);
#1470 = FACE_BOUND('',#1471,.T.);
#1471 = EDGE_LOOP('',(#1472,#1478,#1479,#1480,#1489,#1497,#1504,#1505));
#1472 = ORIENTED_EDGE('',*,*,#1473,.F.);
#1473 = EDGE_CURVE('',#720,#856,#1474,.T.);
#1474 = LINE('',#1475,#1476);
#1475 = CARTESIAN_POINT('',(37.25,0.,66.8));
#1476 = VECTOR('',#1477,1.);
#1477 = DIRECTION('',(-1.,0.,0.));
#1478 = ORIENTED_EDGE('',*,*,#727,.T.);
#1479 = ORIENTED_EDGE('',*,*,#637,.F.);
#1480 = ORIENTED_EDGE('',*,*,#1481,.T.);
#1481 = EDGE_CURVE('',#638,#1482,#1484,.T.);
#1482 = VERTEX_POINT('',#1483);
#1483 = CARTESIAN_POINT('',(83.3,0.,3.2));
#1484 = CIRCLE('',#1485,5.5);
#1485 = AXIS2_PLACEMENT_3D('',#1486,#1487,#1488);
#1486 = CARTESIAN_POINT('',(83.3,0.,8.7));
#1487 = DIRECTION('',(0.,1.,0.));
#1488 = DIRECTION('',(0.,0.,1.));
#1489 = ORIENTED_EDGE('',*,*,#1490,.T.);
#1490 = EDGE_CURVE('',#1482,#1491,#1493,.T.);
#1491 = VERTEX_POINT('',#1492);
#1492 = CARTESIAN_POINT('',(9.5,0.,3.2));
#1493 = LINE('',#1494,#1495);
#1494 = CARTESIAN_POINT('',(37.25,0.,3.2));
#1495 = VECTOR('',#1496,1.);
#1496 = DIRECTION('',(-1.,0.,0.));
#1497 = ORIENTED_EDGE('',*,*,#1498,.T.);
#1498 = EDGE_CURVE('',#1491,#824,#1499,.T.);
#1499 = CIRCLE('',#1500,5.5);
#1500 = AXIS2_PLACEMENT_3D('',#1501,#1502,#1503);
#1501 = CARTESIAN_POINT('',(9.5,0.,8.7));
#1502 = DIRECTION('',(0.,1.,0.));
#1503 = DIRECTION('',(0.,0.,1.));
#1504 = ORIENTED_EDGE('',*,*,#823,.T.);
#1505 = ORIENTED_EDGE('',*,*,#855,.T.);
#1506 = FACE_BOUND('',#1507,.T.);
#1507 = EDGE_LOOP('',(#1508,#1509,#1510,#1511,#1520,#1528,#1535,#1536));
#1508 = ORIENTED_EDGE('',*,*,#1429,.F.);
#1509 = ORIENTED_EDGE('',*,*,#1405,.T.);
#1510 = ORIENTED_EDGE('',*,*,#1161,.F.);
#1511 = ORIENTED_EDGE('',*,*,#1512,.T.);
#1512 = EDGE_CURVE('',#1154,#1513,#1515,.T.);
#1513 = VERTEX_POINT('',#1514);
#1514 = CARTESIAN_POINT('',(122.,0.,6.));
#1515 = CIRCLE('',#1516,4.);
#1516 = AXIS2_PLACEMENT_3D('',#1517,#1518,#1519);
#1517 = CARTESIAN_POINT('',(122.,0.,10.));
#1518 = DIRECTION('',(0.,1.,0.));
#1519 = DIRECTION('',(0.,0.,1.));
#1520 = ORIENTED_EDGE('',*,*,#1521,.T.);
#1521 = EDGE_CURVE('',#1513,#1522,#1524,.T.);
#1522 = VERTEX_POINT('',#1523);
#1523 = CARTESIAN_POINT('',(95.,0.,6.));
#1524 = LINE('',#1525,#1526);
#1525 = CARTESIAN_POINT('',(80.,0.,6.));
#1526 = VECTOR('',#1527,1.);
#1527 = DIRECTION('',(-1.,0.,0.));
#1528 = ORIENTED_EDGE('',*,*,#1529,.T.);
#1529 = EDGE_CURVE('',#1522,#558,#1530,.T.);
#1530 = CIRCLE('',#1531,4.);
#1531 = AXIS2_PLACEMENT_3D('',#1532,#1533,#1534);
#1532 = CARTESIAN_POINT('',(95.,0.,10.));
#1533 = DIRECTION('',(0.,1.,0.));
#1534 = DIRECTION('',(0.,0.,1.));
#1535 = ORIENTED_EDGE('',*,*,#557,.T.);
#1536 = ORIENTED_EDGE('',*,*,#1447,.T.);
#1537 = PLANE('',#1538);
#1538 = AXIS2_PLACEMENT_3D('',#1539,#1540,#1541);
#1539 = CARTESIAN_POINT('',(65.,0.,35.));
#1540 = DIRECTION('',(-0.,-1.,-0.));
#1541 = DIRECTION('',(0.,0.,-1.));
#1542 = ADVANCED_FACE('',(#1543),#1562,.F.);
#1543 = FACE_BOUND('',#1544,.F.);
#1544 = EDGE_LOOP('',(#1545,#1554,#1560,#1561));
#1545 = ORIENTED_EDGE('',*,*,#1546,.F.);
#1546 = EDGE_CURVE('',#1547,#568,#1549,.T.);
#1547 = VERTEX_POINT('',#1548);
#1548 = CARTESIAN_POINT('',(95.,4.,6.));
#1549 = CIRCLE('',#1550,4.);
#1550 = AXIS2_PLACEMENT_3D('',#1551,#1552,#1553);
#1551 = CARTESIAN_POINT('',(95.,4.,10.));
#1552 = DIRECTION('',(0.,1.,0.));
#1553 = DIRECTION('',(0.,0.,1.));
#1554 = ORIENTED_EDGE('',*,*,#1555,.F.);
#1555 = EDGE_CURVE('',#1522,#1547,#1556,.T.);
#1556 = LINE('',#1557,#1558);
#1557 = CARTESIAN_POINT('',(95.,-1.,6.));
#1558 = VECTOR('',#1559,1.);
#1559 = DIRECTION('',(0.,1.,0.));
#1560 = ORIENTED_EDGE('',*,*,#1529,.T.);
#1561 = ORIENTED_EDGE('',*,*,#567,.T.);
#1562 = CYLINDRICAL_SURFACE('',#1563,4.);
#1563 = AXIS2_PLACEMENT_3D('',#1564,#1565,#1566);
#1564 = CARTESIAN_POINT('',(95.,-1.,10.));
#1565 = DIRECTION('',(0.,1.,0.));
#1566 = DIRECTION('',(0.,0.,1.));
#1567 = ADVANCED_FACE('',(#1568),#1596,.F.);
#1568 = FACE_BOUND('',#1569,.F.);
#1569 = EDGE_LOOP('',(#1570,#1571,#1572,#1579,#1580,#1589,#1595));
#1570 = ORIENTED_EDGE('',*,*,#575,.F.);
#1571 = ORIENTED_EDGE('',*,*,#1307,.T.);
#1572 = ORIENTED_EDGE('',*,*,#1573,.F.);
#1573 = EDGE_CURVE('',#1136,#1308,#1574,.T.);
#1574 = CIRCLE('',#1575,4.);
#1575 = AXIS2_PLACEMENT_3D('',#1576,#1577,#1578);
#1576 = CARTESIAN_POINT('',(122.,4.,8.));
#1577 = DIRECTION('',(0.,1.,0.));
#1578 = DIRECTION('',(0.,0.,1.));
#1579 = ORIENTED_EDGE('',*,*,#1145,.T.);
#1580 = ORIENTED_EDGE('',*,*,#1581,.T.);
#1581 = EDGE_CURVE('',#1146,#1582,#1584,.T.);
#1582 = VERTEX_POINT('',#1583);
#1583 = CARTESIAN_POINT('',(122.,4.,6.));
#1584 = CIRCLE('',#1585,4.);
#1585 = AXIS2_PLACEMENT_3D('',#1586,#1587,#1588);
#1586 = CARTESIAN_POINT('',(122.,4.,10.));
#1587 = DIRECTION('',(0.,1.,0.));
#1588 = DIRECTION('',(0.,0.,1.));
#1589 = ORIENTED_EDGE('',*,*,#1590,.T.);
#1590 = EDGE_CURVE('',#1582,#1547,#1591,.T.);
#1591 = LINE('',#1592,#1593);
#1592 = CARTESIAN_POINT('',(80.,4.,6.));
#1593 = VECTOR('',#1594,1.);
#1594 = DIRECTION('',(-1.,0.,0.));
#1595 = ORIENTED_EDGE('',*,*,#1546,.T.);
#1596 = PLANE('',#1597);
#1597 = AXIS2_PLACEMENT_3D('',#1598,#1599,#1600);
#1598 = CARTESIAN_POINT('',(65.,4.,35.));
#1599 = DIRECTION('',(-0.,-1.,-0.));
#1600 = DIRECTION('',(0.,0.,-1.));
#1601 = ADVANCED_FACE('',(#1602),#1613,.F.);
#1602 = FACE_BOUND('',#1603,.F.);
#1603 = EDGE_LOOP('',(#1604,#1605,#1612));
#1604 = ORIENTED_EDGE('',*,*,#671,.T.);
#1605 = ORIENTED_EDGE('',*,*,#1606,.T.);
#1606 = EDGE_CURVE('',#672,#1291,#1607,.T.);
#1607 = CIRCLE('',#1608,5.5);
#1608 = AXIS2_PLACEMENT_3D('',#1609,#1610,#1611);
#1609 = CARTESIAN_POINT('',(83.3,4.,8.7));
#1610 = DIRECTION('',(0.,1.,0.));
#1611 = DIRECTION('',(0.,0.,1.));
#1612 = ORIENTED_EDGE('',*,*,#1298,.T.);
#1613 = PLANE('',#1614);
#1614 = AXIS2_PLACEMENT_3D('',#1615,#1616,#1617);
#1615 = CARTESIAN_POINT('',(65.,4.,35.));
#1616 = DIRECTION('',(-0.,-1.,-0.));
#1617 = DIRECTION('',(0.,0.,-1.));
#1618 = ADVANCED_FACE('',(#1619),#1640,.F.);
#1619 = FACE_BOUND('',#1620,.F.);
#1620 = EDGE_LOOP('',(#1621,#1630,#1631,#1632,#1633,#1634));
#1621 = ORIENTED_EDGE('',*,*,#1622,.F.);
#1622 = EDGE_CURVE('',#1283,#1623,#1625,.T.);
#1623 = VERTEX_POINT('',#1624);
#1624 = CARTESIAN_POINT('',(83.3,5.,3.2));
#1625 = CIRCLE('',#1626,5.5);
#1626 = AXIS2_PLACEMENT_3D('',#1627,#1628,#1629);
#1627 = CARTESIAN_POINT('',(83.3,5.,8.7));
#1628 = DIRECTION('',(0.,1.,0.));
#1629 = DIRECTION('',(0.,0.,1.));
#1630 = ORIENTED_EDGE('',*,*,#1290,.F.);
#1631 = ORIENTED_EDGE('',*,*,#1606,.F.);
#1632 = ORIENTED_EDGE('',*,*,#679,.F.);
#1633 = ORIENTED_EDGE('',*,*,#1481,.T.);
#1634 = ORIENTED_EDGE('',*,*,#1635,.T.);
#1635 = EDGE_CURVE('',#1482,#1623,#1636,.T.);
#1636 = LINE('',#1637,#1638);
#1637 = CARTESIAN_POINT('',(83.3,-1.,3.2));
#1638 = VECTOR('',#1639,1.);
#1639 = DIRECTION('',(0.,1.,0.));
#1640 = CYLINDRICAL_SURFACE('',#1641,5.5);
#1641 = AXIS2_PLACEMENT_3D('',#1642,#1643,#1644);
#1642 = CARTESIAN_POINT('',(83.3,-1.,8.7));
#1643 = DIRECTION('',(0.,1.,0.));
#1644 = DIRECTION('',(0.,0.,1.));
#1645 = ADVANCED_FACE('',(#1646),#1652,.F.);
#1646 = FACE_BOUND('',#1647,.F.);
#1647 = EDGE_LOOP('',(#1648,#1649,#1650,#1651));
#1648 = ORIENTED_EDGE('',*,*,#864,.F.);
#1649 = ORIENTED_EDGE('',*,*,#1473,.F.);
#1650 = ORIENTED_EDGE('',*,*,#719,.T.);
#1651 = ORIENTED_EDGE('',*,*,#755,.F.);
#1652 = PLANE('',#1653);
#1653 = AXIS2_PLACEMENT_3D('',#1654,#1655,#1656);
#1654 = CARTESIAN_POINT('',(9.5,-1.,66.8));
#1655 = DIRECTION('',(0.,0.,1.));
#1656 = DIRECTION('',(1.,0.,0.));
#1657 = ADVANCED_FACE('',(#1658),#1677,.F.);
#1658 = FACE_BOUND('',#1659,.F.);
#1659 = EDGE_LOOP('',(#1660,#1669,#1676));
#1660 = ORIENTED_EDGE('',*,*,#1661,.F.);
#1661 = EDGE_CURVE('',#1662,#772,#1664,.T.);
#1662 = VERTEX_POINT('',#1663);
#1663 = CARTESIAN_POINT('',(5.685910986739,4.,4.737333599844));
#1664 = CIRCLE('',#1665,4.);
#1665 = AXIS2_PLACEMENT_3D('',#1666,#1667,#1668);
#1666 = CARTESIAN_POINT('',(8.,4.,8.));
#1667 = DIRECTION('',(0.,1.,0.));
#1668 = DIRECTION('',(0.,0.,1.));
#1669 = ORIENTED_EDGE('',*,*,#1670,.T.);
#1670 = EDGE_CURVE('',#1662,#774,#1671,.T.);
#1671 = CIRCLE('',#1672,5.5);
#1672 = AXIS2_PLACEMENT_3D('',#1673,#1674,#1675);
#1673 = CARTESIAN_POINT('',(9.5,4.,8.7));
#1674 = DIRECTION('',(0.,1.,0.));
#1675 = DIRECTION('',(0.,0.,1.));
#1676 = ORIENTED_EDGE('',*,*,#771,.F.);
#1677 = PLANE('',#1678);
#1678 = AXIS2_PLACEMENT_3D('',#1679,#1680,#1681);
#1679 = CARTESIAN_POINT('',(65.,4.,35.));
#1680 = DIRECTION('',(-0.,-1.,-0.));
#1681 = DIRECTION('',(0.,0.,-1.));
#1682 = ADVANCED_FACE('',(#1683),#1711,.F.);
#1683 = FACE_BOUND('',#1684,.F.);
#1684 = EDGE_LOOP('',(#1685,#1696,#1702,#1703,#1704,#1705));
#1685 = ORIENTED_EDGE('',*,*,#1686,.F.);
#1686 = EDGE_CURVE('',#1687,#1689,#1691,.T.);
#1687 = VERTEX_POINT('',#1688);
#1688 = CARTESIAN_POINT('',(9.5,5.,3.2));
#1689 = VERTEX_POINT('',#1690);
#1690 = CARTESIAN_POINT('',(5.685910986739,5.,4.737333599844));
#1691 = CIRCLE('',#1692,5.5);
#1692 = AXIS2_PLACEMENT_3D('',#1693,#1694,#1695);
#1693 = CARTESIAN_POINT('',(9.5,5.,8.7));
#1694 = DIRECTION('',(0.,1.,0.));
#1695 = DIRECTION('',(0.,0.,1.));
#1696 = ORIENTED_EDGE('',*,*,#1697,.F.);
#1697 = EDGE_CURVE('',#1491,#1687,#1698,.T.);
#1698 = LINE('',#1699,#1700);
#1699 = CARTESIAN_POINT('',(9.5,-1.,3.2));
#1700 = VECTOR('',#1701,1.);
#1701 = DIRECTION('',(0.,1.,0.));
#1702 = ORIENTED_EDGE('',*,*,#1498,.T.);
#1703 = ORIENTED_EDGE('',*,*,#831,.T.);
#1704 = ORIENTED_EDGE('',*,*,#1670,.F.);
#1705 = ORIENTED_EDGE('',*,*,#1706,.T.);
#1706 = EDGE_CURVE('',#1662,#1689,#1707,.T.);
#1707 = LINE('',#1708,#1709);
#1708 = CARTESIAN_POINT('',(5.685910986739,4.,4.737333599844));
#1709 = VECTOR('',#1710,1.);
#1710 = DIRECTION('',(0.,1.,0.));
#1711 = CYLINDRICAL_SURFACE('',#1712,5.5);
#1712 = AXIS2_PLACEMENT_3D('',#1713,#1714,#1715);
#1713 = CARTESIAN_POINT('',(9.5,-1.,8.7));
#1714 = DIRECTION('',(0.,1.,0.));
#1715 = DIRECTION('',(0.,0.,1.));
#1716 = ADVANCED_FACE('',(#1717),#1730,.F.);
#1717 = FACE_BOUND('',#1718,.F.);
#1718 = EDGE_LOOP('',(#1719,#1720,#1721,#1722,#1729));
#1719 = ORIENTED_EDGE('',*,*,#1204,.T.);
#1720 = ORIENTED_EDGE('',*,*,#1213,.T.);
#1721 = ORIENTED_EDGE('',*,*,#1332,.T.);
#1722 = ORIENTED_EDGE('',*,*,#1723,.T.);
#1723 = EDGE_CURVE('',#1275,#782,#1724,.T.);
#1724 = CIRCLE('',#1725,4.);
#1725 = AXIS2_PLACEMENT_3D('',#1726,#1727,#1728);
#1726 = CARTESIAN_POINT('',(8.,44.,8.));
#1727 = DIRECTION('',(0.,1.,0.));
#1728 = DIRECTION('',(0.,0.,1.));
#1729 = ORIENTED_EDGE('',*,*,#789,.T.);
#1730 = PLANE('',#1731);
#1731 = AXIS2_PLACEMENT_3D('',#1732,#1733,#1734);
#1732 = CARTESIAN_POINT('',(6.,44.,6.));
#1733 = DIRECTION('',(0.,1.,0.));
#1734 = DIRECTION('',(0.,0.,1.));
#1735 = ADVANCED_FACE('',(#1736),#1750,.F.);
#1736 = FACE_BOUND('',#1737,.F.);
#1737 = EDGE_LOOP('',(#1738,#1739,#1740,#1747,#1748,#1749));
#1738 = ORIENTED_EDGE('',*,*,#1723,.F.);
#1739 = ORIENTED_EDGE('',*,*,#1272,.F.);
#1740 = ORIENTED_EDGE('',*,*,#1741,.T.);
#1741 = EDGE_CURVE('',#1273,#1689,#1742,.T.);
#1742 = CIRCLE('',#1743,4.);
#1743 = AXIS2_PLACEMENT_3D('',#1744,#1745,#1746);
#1744 = CARTESIAN_POINT('',(8.,5.,8.));
#1745 = DIRECTION('',(0.,1.,0.));
#1746 = DIRECTION('',(0.,0.,1.));
#1747 = ORIENTED_EDGE('',*,*,#1706,.F.);
#1748 = ORIENTED_EDGE('',*,*,#1661,.T.);
#1749 = ORIENTED_EDGE('',*,*,#781,.T.);
#1750 = CYLINDRICAL_SURFACE('',#1751,4.);
#1751 = AXIS2_PLACEMENT_3D('',#1752,#1753,#1754);
#1752 = CARTESIAN_POINT('',(8.,4.,8.));
#1753 = DIRECTION('',(0.,1.,0.));
#1754 = DIRECTION('',(0.,0.,1.));
#1755 = ADVANCED_FACE('',(#1756,#1759),#1770,.T.);
#1756 = FACE_BOUND('',#1757,.T.);
#1757 = EDGE_LOOP('',(#1758));
#1758 = ORIENTED_EDGE('',*,*,#1094,.T.);
#1759 = FACE_BOUND('',#1760,.T.);
#1760 = EDGE_LOOP('',(#1761));
#1761 = ORIENTED_EDGE('',*,*,#1762,.F.);
#1762 = EDGE_CURVE('',#1763,#1763,#1765,.T.);
#1763 = VERTEX_POINT('',#1764);
#1764 = CARTESIAN_POINT('',(6.,55.4,7.5));
#1765 = CIRCLE('',#1766,1.5);
#1766 = AXIS2_PLACEMENT_3D('',#1767,#1768,#1769);
#1767 = CARTESIAN_POINT('',(6.,55.4,6.));
#1768 = DIRECTION('',(0.,1.,0.));
#1769 = DIRECTION('',(0.,0.,1.));
#1770 = PLANE('',#1771);
#1771 = AXIS2_PLACEMENT_3D('',#1772,#1773,#1774);
#1772 = CARTESIAN_POINT('',(6.,55.4,6.));
#1773 = DIRECTION('',(0.,1.,0.));
#1774 = DIRECTION('',(0.,0.,1.));
#1775 = ADVANCED_FACE('',(#1776,#1779),#1790,.T.);
#1776 = FACE_BOUND('',#1777,.T.);
#1777 = EDGE_LOOP('',(#1778));
#1778 = ORIENTED_EDGE('',*,*,#1119,.T.);
#1779 = FACE_BOUND('',#1780,.T.);
#1780 = EDGE_LOOP('',(#1781));
#1781 = ORIENTED_EDGE('',*,*,#1782,.F.);
#1782 = EDGE_CURVE('',#1783,#1783,#1785,.T.);
#1783 = VERTEX_POINT('',#1784);
#1784 = CARTESIAN_POINT('',(6.,55.4,65.5));
#1785 = CIRCLE('',#1786,1.5);
#1786 = AXIS2_PLACEMENT_3D('',#1787,#1788,#1789);
#1787 = CARTESIAN_POINT('',(6.,55.4,64.));
#1788 = DIRECTION('',(0.,1.,0.));
#1789 = DIRECTION('',(0.,0.,1.));
#1790 = PLANE('',#1791);
#1791 = AXIS2_PLACEMENT_3D('',#1792,#1793,#1794);
#1792 = CARTESIAN_POINT('',(6.,55.4,64.));
#1793 = DIRECTION('',(0.,1.,0.));
#1794 = DIRECTION('',(0.,0.,1.));
#1795 = ADVANCED_FACE('',(#1796),#1808,.F.);
#1796 = FACE_BOUND('',#1797,.F.);
#1797 = EDGE_LOOP('',(#1798,#1805,#1806,#1807));
#1798 = ORIENTED_EDGE('',*,*,#1799,.F.);
#1799 = EDGE_CURVE('',#1138,#1316,#1800,.T.);
#1800 = CIRCLE('',#1801,4.);
#1801 = AXIS2_PLACEMENT_3D('',#1802,#1803,#1804);
#1802 = CARTESIAN_POINT('',(122.,44.,8.));
#1803 = DIRECTION('',(0.,1.,0.));
#1804 = DIRECTION('',(0.,0.,1.));
#1805 = ORIENTED_EDGE('',*,*,#1135,.F.);
#1806 = ORIENTED_EDGE('',*,*,#1573,.T.);
#1807 = ORIENTED_EDGE('',*,*,#1315,.T.);
#1808 = CYLINDRICAL_SURFACE('',#1809,4.);
#1809 = AXIS2_PLACEMENT_3D('',#1810,#1811,#1812);
#1810 = CARTESIAN_POINT('',(122.,4.,8.));
#1811 = DIRECTION('',(0.,1.,0.));
#1812 = DIRECTION('',(0.,0.,1.));
#1813 = ADVANCED_FACE('',(#1814),#1821,.F.);
#1814 = FACE_BOUND('',#1815,.F.);
#1815 = EDGE_LOOP('',(#1816,#1817,#1818,#1819,#1820));
#1816 = ORIENTED_EDGE('',*,*,#1246,.T.);
#1817 = ORIENTED_EDGE('',*,*,#1255,.T.);
#1818 = ORIENTED_EDGE('',*,*,#1188,.T.);
#1819 = ORIENTED_EDGE('',*,*,#1799,.T.);
#1820 = ORIENTED_EDGE('',*,*,#1323,.T.);
#1821 = PLANE('',#1822);
#1822 = AXIS2_PLACEMENT_3D('',#1823,#1824,#1825);
#1823 = CARTESIAN_POINT('',(124.,44.,6.));
#1824 = DIRECTION('',(0.,1.,0.));
#1825 = DIRECTION('',(0.,0.,1.));
#1826 = ADVANCED_FACE('',(#1827),#1838,.F.);
#1827 = FACE_BOUND('',#1828,.F.);
#1828 = EDGE_LOOP('',(#1829,#1830,#1831,#1832));
#1829 = ORIENTED_EDGE('',*,*,#1581,.F.);
#1830 = ORIENTED_EDGE('',*,*,#1153,.F.);
#1831 = ORIENTED_EDGE('',*,*,#1512,.T.);
#1832 = ORIENTED_EDGE('',*,*,#1833,.T.);
#1833 = EDGE_CURVE('',#1513,#1582,#1834,.T.);
#1834 = LINE('',#1835,#1836);
#1835 = CARTESIAN_POINT('',(122.,-1.,6.));
#1836 = VECTOR('',#1837,1.);
#1837 = DIRECTION('',(0.,1.,0.));
#1838 = CYLINDRICAL_SURFACE('',#1839,4.);
#1839 = AXIS2_PLACEMENT_3D('',#1840,#1841,#1842);
#1840 = CARTESIAN_POINT('',(122.,-1.,10.));
#1841 = DIRECTION('',(0.,1.,0.));
#1842 = DIRECTION('',(0.,0.,1.));
#1843 = ADVANCED_FACE('',(#1844),#1856,.F.);
#1844 = FACE_BOUND('',#1845,.F.);
#1845 = EDGE_LOOP('',(#1846,#1852,#1853,#1854,#1855));
#1846 = ORIENTED_EDGE('',*,*,#1847,.F.);
#1847 = EDGE_CURVE('',#1687,#1623,#1848,.T.);
#1848 = LINE('',#1849,#1850);
#1849 = CARTESIAN_POINT('',(9.5,5.,3.2));
#1850 = VECTOR('',#1851,1.);
#1851 = DIRECTION('',(1.,0.,0.));
#1852 = ORIENTED_EDGE('',*,*,#1686,.T.);
#1853 = ORIENTED_EDGE('',*,*,#1741,.F.);
#1854 = ORIENTED_EDGE('',*,*,#1282,.F.);
#1855 = ORIENTED_EDGE('',*,*,#1622,.T.);
#1856 = PLANE('',#1857);
#1857 = AXIS2_PLACEMENT_3D('',#1858,#1859,#1860);
#1858 = CARTESIAN_POINT('',(46.4,5.,35.));
#1859 = DIRECTION('',(0.,1.,0.));
#1860 = DIRECTION('',(0.,0.,1.));
#1861 = ADVANCED_FACE('',(#1862,#1865),#1876,.T.);
#1862 = FACE_BOUND('',#1863,.T.);
#1863 = EDGE_LOOP('',(#1864));
#1864 = ORIENTED_EDGE('',*,*,#1355,.T.);
#1865 = FACE_BOUND('',#1866,.T.);
#1866 = EDGE_LOOP('',(#1867));
#1867 = ORIENTED_EDGE('',*,*,#1868,.F.);
#1868 = EDGE_CURVE('',#1869,#1869,#1871,.T.);
#1869 = VERTEX_POINT('',#1870);
#1870 = CARTESIAN_POINT('',(124.,55.4,7.5));
#1871 = CIRCLE('',#1872,1.5);
#1872 = AXIS2_PLACEMENT_3D('',#1873,#1874,#1875);
#1873 = CARTESIAN_POINT('',(124.,55.4,6.));
#1874 = DIRECTION('',(0.,1.,0.));
#1875 = DIRECTION('',(0.,0.,1.));
#1876 = PLANE('',#1877);
#1877 = AXIS2_PLACEMENT_3D('',#1878,#1879,#1880);
#1878 = CARTESIAN_POINT('',(124.,55.4,6.));
#1879 = DIRECTION('',(0.,1.,0.));
#1880 = DIRECTION('',(0.,0.,1.));
#1881 = ADVANCED_FACE('',(#1882,#1885),#1896,.T.);
#1882 = FACE_BOUND('',#1883,.T.);
#1883 = EDGE_LOOP('',(#1884));
#1884 = ORIENTED_EDGE('',*,*,#1380,.T.);
#1885 = FACE_BOUND('',#1886,.T.);
#1886 = EDGE_LOOP('',(#1887));
#1887 = ORIENTED_EDGE('',*,*,#1888,.F.);
#1888 = EDGE_CURVE('',#1889,#1889,#1891,.T.);
#1889 = VERTEX_POINT('',#1890);
#1890 = CARTESIAN_POINT('',(124.,55.4,65.5));
#1891 = CIRCLE('',#1892,1.5);
#1892 = AXIS2_PLACEMENT_3D('',#1893,#1894,#1895);
#1893 = CARTESIAN_POINT('',(124.,55.4,64.));
#1894 = DIRECTION('',(0.,1.,0.));
#1895 = DIRECTION('',(0.,0.,1.));
#1896 = PLANE('',#1897);
#1897 = AXIS2_PLACEMENT_3D('',#1898,#1899,#1900);
#1898 = CARTESIAN_POINT('',(124.,55.4,64.));
#1899 = DIRECTION('',(0.,1.,0.));
#1900 = DIRECTION('',(0.,0.,1.));
#1901 = ADVANCED_FACE('',(#1902),#1908,.T.);
#1902 = FACE_BOUND('',#1903,.T.);
#1903 = EDGE_LOOP('',(#1904,#1905,#1906,#1907));
#1904 = ORIENTED_EDGE('',*,*,#1697,.F.);
#1905 = ORIENTED_EDGE('',*,*,#1490,.F.);
#1906 = ORIENTED_EDGE('',*,*,#1635,.T.);
#1907 = ORIENTED_EDGE('',*,*,#1847,.F.);
#1908 = PLANE('',#1909);
#1909 = AXIS2_PLACEMENT_3D('',#1910,#1911,#1912);
#1910 = CARTESIAN_POINT('',(9.5,-1.,3.2));
#1911 = DIRECTION('',(0.,0.,1.));
#1912 = DIRECTION('',(1.,0.,0.));
#1913 = ADVANCED_FACE('',(#1914),#1920,.T.);
#1914 = FACE_BOUND('',#1915,.T.);
#1915 = EDGE_LOOP('',(#1916,#1917,#1918,#1919));
#1916 = ORIENTED_EDGE('',*,*,#1555,.F.);
#1917 = ORIENTED_EDGE('',*,*,#1521,.F.);
#1918 = ORIENTED_EDGE('',*,*,#1833,.T.);
#1919 = ORIENTED_EDGE('',*,*,#1590,.T.);
#1920 = PLANE('',#1921);
#1921 = AXIS2_PLACEMENT_3D('',#1922,#1923,#1924);
#1922 = CARTESIAN_POINT('',(95.,-1.,6.));
#1923 = DIRECTION('',(0.,0.,1.));
#1924 = DIRECTION('',(1.,0.,0.));
#1925 = ADVANCED_FACE('',(#1926),#1945,.F.);
#1926 = FACE_BOUND('',#1927,.F.);
#1927 = EDGE_LOOP('',(#1928,#1929,#1937,#1944));
#1928 = ORIENTED_EDGE('',*,*,#1762,.F.);
#1929 = ORIENTED_EDGE('',*,*,#1930,.F.);
#1930 = EDGE_CURVE('',#1931,#1763,#1933,.T.);
#1931 = VERTEX_POINT('',#1932);
#1932 = CARTESIAN_POINT('',(6.,52.,7.5));
#1933 = LINE('',#1934,#1935);
#1934 = CARTESIAN_POINT('',(6.,52.,7.5));
#1935 = VECTOR('',#1936,1.);
#1936 = DIRECTION('',(0.,1.,0.));
#1937 = ORIENTED_EDGE('',*,*,#1938,.T.);
#1938 = EDGE_CURVE('',#1931,#1931,#1939,.T.);
#1939 = CIRCLE('',#1940,1.5);
#1940 = AXIS2_PLACEMENT_3D('',#1941,#1942,#1943);
#1941 = CARTESIAN_POINT('',(6.,52.,6.));
#1942 = DIRECTION('',(0.,1.,0.));
#1943 = DIRECTION('',(0.,0.,1.));
#1944 = ORIENTED_EDGE('',*,*,#1930,.T.);
#1945 = CYLINDRICAL_SURFACE('',#1946,1.5);
#1946 = AXIS2_PLACEMENT_3D('',#1947,#1948,#1949);
#1947 = CARTESIAN_POINT('',(6.,52.,6.));
#1948 = DIRECTION('',(0.,1.,0.));
#1949 = DIRECTION('',(0.,0.,1.));
#1950 = ADVANCED_FACE('',(#1951),#1970,.F.);
#1951 = FACE_BOUND('',#1952,.F.);
#1952 = EDGE_LOOP('',(#1953,#1954,#1962,#1969));
#1953 = ORIENTED_EDGE('',*,*,#1782,.F.);
#1954 = ORIENTED_EDGE('',*,*,#1955,.F.);
#1955 = EDGE_CURVE('',#1956,#1783,#1958,.T.);
#1956 = VERTEX_POINT('',#1957);
#1957 = CARTESIAN_POINT('',(6.,52.,65.5));
#1958 = LINE('',#1959,#1960);
#1959 = CARTESIAN_POINT('',(6.,52.,65.5));
#1960 = VECTOR('',#1961,1.);
#1961 = DIRECTION('',(0.,1.,0.));
#1962 = ORIENTED_EDGE('',*,*,#1963,.T.);
#1963 = EDGE_CURVE('',#1956,#1956,#1964,.T.);
#1964 = CIRCLE('',#1965,1.5);
#1965 = AXIS2_PLACEMENT_3D('',#1966,#1967,#1968);
#1966 = CARTESIAN_POINT('',(6.,52.,64.));
#1967 = DIRECTION('',(0.,1.,0.));
#1968 = DIRECTION('',(0.,0.,1.));
#1969 = ORIENTED_EDGE('',*,*,#1955,.T.);
#1970 = CYLINDRICAL_SURFACE('',#1971,1.5);
#1971 = AXIS2_PLACEMENT_3D('',#1972,#1973,#1974);
#1972 = CARTESIAN_POINT('',(6.,52.,64.));
#1973 = DIRECTION('',(0.,1.,0.));
#1974 = DIRECTION('',(0.,0.,1.));
#1975 = ADVANCED_FACE('',(#1976),#1995,.F.);
#1976 = FACE_BOUND('',#1977,.F.);
#1977 = EDGE_LOOP('',(#1978,#1979,#1987,#1994));
#1978 = ORIENTED_EDGE('',*,*,#1868,.F.);
#1979 = ORIENTED_EDGE('',*,*,#1980,.F.);
#1980 = EDGE_CURVE('',#1981,#1869,#1983,.T.);
#1981 = VERTEX_POINT('',#1982);
#1982 = CARTESIAN_POINT('',(124.,52.,7.5));
#1983 = LINE('',#1984,#1985);
#1984 = CARTESIAN_POINT('',(124.,52.,7.5));
#1985 = VECTOR('',#1986,1.);
#1986 = DIRECTION('',(0.,1.,0.));
#1987 = ORIENTED_EDGE('',*,*,#1988,.T.);
#1988 = EDGE_CURVE('',#1981,#1981,#1989,.T.);
#1989 = CIRCLE('',#1990,1.5);
#1990 = AXIS2_PLACEMENT_3D('',#1991,#1992,#1993);
#1991 = CARTESIAN_POINT('',(124.,52.,6.));
#1992 = DIRECTION('',(0.,1.,0.));
#1993 = DIRECTION('',(0.,0.,1.));
#1994 = ORIENTED_EDGE('',*,*,#1980,.T.);
#1995 = CYLINDRICAL_SURFACE('',#1996,1.5);
#1996 = AXIS2_PLACEMENT_3D('',#1997,#1998,#1999);
#1997 = CARTESIAN_POINT('',(124.,52.,6.));
#1998 = DIRECTION('',(0.,1.,0.));
#1999 = DIRECTION('',(0.,0.,1.));
#2000 = ADVANCED_FACE('',(#2001),#2020,.F.);
#2001 = FACE_BOUND('',#2002,.F.);
#2002 = EDGE_LOOP('',(#2003,#2004,#2012,#2019));
#2003 = ORIENTED_EDGE('',*,*,#1888,.F.);
#2004 = ORIENTED_EDGE('',*,*,#2005,.F.);
#2005 = EDGE_CURVE('',#2006,#1889,#2008,.T.);
#2006 = VERTEX_POINT('',#2007);
#2007 = CARTESIAN_POINT('',(124.,52.,65.5));
#2008 = LINE('',#2009,#2010);
#2009 = CARTESIAN_POINT('',(124.,52.,65.5));
#2010 = VECTOR('',#2011,1.);
#2011 = DIRECTION('',(0.,1.,0.));
#2012 = ORIENTED_EDGE('',*,*,#2013,.T.);
#2013 = EDGE_CURVE('',#2006,#2006,#2014,.T.);
#2014 = CIRCLE('',#2015,1.5);
#2015 = AXIS2_PLACEMENT_3D('',#2016,#2017,#2018);
#2016 = CARTESIAN_POINT('',(124.,52.,64.));
#2017 = DIRECTION('',(0.,1.,0.));
#2018 = DIRECTION('',(0.,0.,1.));
#2019 = ORIENTED_EDGE('',*,*,#2005,.T.);
#2020 = CYLINDRICAL_SURFACE('',#2021,1.5);
#2021 = AXIS2_PLACEMENT_3D('',#2022,#2023,#2024);
#2022 = CARTESIAN_POINT('',(124.,52.,64.));
#2023 = DIRECTION('',(0.,1.,0.));
#2024 = DIRECTION('',(0.,0.,1.));
#2025 = ADVANCED_FACE('',(#2026),#2029,.T.);
#2026 = FACE_BOUND('',#2027,.F.);
#2027 = EDGE_LOOP('',(#2028));
#2028 = ORIENTED_EDGE('',*,*,#1938,.F.);
#2029 = PLANE('',#2030);
#2030 = AXIS2_PLACEMENT_3D('',#2031,#2032,#2033);
#2031 = CARTESIAN_POINT('',(6.,52.,6.));
#2032 = DIRECTION('',(0.,1.,0.));
#2033 = DIRECTION('',(0.,0.,1.));
#2034 = ADVANCED_FACE('',(#2035),#2038,.T.);
#2035 = FACE_BOUND('',#2036,.F.);
#2036 = EDGE_LOOP('',(#2037));
#2037 = ORIENTED_EDGE('',*,*,#1963,.F.);
#2038 = PLANE('',#2039);
#2039 = AXIS2_PLACEMENT_3D('',#2040,#2041,#2042);
#2040 = CARTESIAN_POINT('',(6.,52.,64.));
#2041 = DIRECTION('',(0.,1.,0.));
#2042 = DIRECTION('',(0.,0.,1.));
#2043 = ADVANCED_FACE('',(#2044),#2047,.T.);
#2044 = FACE_BOUND('',#2045,.F.);
#2045 = EDGE_LOOP('',(#2046));
#2046 = ORIENTED_EDGE('',*,*,#1988,.F.);
#2047 = PLANE('',#2048);
#2048 = AXIS2_PLACEMENT_3D('',#2049,#2050,#2051);
#2049 = CARTESIAN_POINT('',(124.,52.,6.));
#2050 = DIRECTION('',(0.,1.,0.));
#2051 = DIRECTION('',(0.,0.,1.));
#2052 = ADVANCED_FACE('',(#2053),#2056,.T.);
#2053 = FACE_BOUND('',#2054,.F.);
#2054 = EDGE_LOOP('',(#2055));
#2055 = ORIENTED_EDGE('',*,*,#2013,.F.);
#2056 = PLANE('',#2057);
#2057 = AXIS2_PLACEMENT_3D('',#2058,#2059,#2060);
#2058 = CARTESIAN_POINT('',(124.,52.,64.));
#2059 = DIRECTION('',(0.,1.,0.));
#2060 = DIRECTION('',(0.,0.,1.));
#2061 = MANIFOLD_SOLID_BREP('',#2062);
#2062 = CLOSED_SHELL('',(#2063,#2103,#2136,#2239,#2264,#2499,#2516,#2538
    ,#2550,#2567,#2579,#2604,#2629,#2654,#2679,#2704,#2729,#2754,#2786,
    #2810,#2845,#2869,#2904,#2928,#2953,#2977,#3019,#3043,#3085,#3102,
    #3127,#3139,#3151,#3163,#3175,#3284,#3304,#3324,#3355,#3380,#3404,
    #3454,#3478,#3528,#3552,#3577,#3601,#3619,#3644,#3669,#3689,#3709,
    #3729,#3749,#3769,#3794,#3819,#3844,#3869,#3889,#3909,#3918,#3927,
    #3952,#3977,#3986));
#2063 = ADVANCED_FACE('',(#2064),#2098,.T.);
#2064 = FACE_BOUND('',#2065,.T.);
#2065 = EDGE_LOOP('',(#2066,#2076,#2084,#2092));
#2066 = ORIENTED_EDGE('',*,*,#2067,.F.);
#2067 = EDGE_CURVE('',#2068,#2070,#2072,.T.);
#2068 = VERTEX_POINT('',#2069);
#2069 = CARTESIAN_POINT('',(8.,56.,69.5));
#2070 = VERTEX_POINT('',#2071);
#2071 = CARTESIAN_POINT('',(8.,60.,69.5));
#2072 = LINE('',#2073,#2074);
#2073 = CARTESIAN_POINT('',(8.,56.,69.5));
#2074 = VECTOR('',#2075,1.);
#2075 = DIRECTION('',(0.,1.,0.));
#2076 = ORIENTED_EDGE('',*,*,#2077,.T.);
#2077 = EDGE_CURVE('',#2068,#2078,#2080,.T.);
#2078 = VERTEX_POINT('',#2079);
#2079 = CARTESIAN_POINT('',(122.,56.,69.5));
#2080 = LINE('',#2081,#2082);
#2081 = CARTESIAN_POINT('',(8.,56.,69.5));
#2082 = VECTOR('',#2083,1.);
#2083 = DIRECTION('',(1.,0.,0.));
#2084 = ORIENTED_EDGE('',*,*,#2085,.T.);
#2085 = EDGE_CURVE('',#2078,#2086,#2088,.T.);
#2086 = VERTEX_POINT('',#2087);
#2087 = CARTESIAN_POINT('',(122.,60.,69.5));
#2088 = LINE('',#2089,#2090);
#2089 = CARTESIAN_POINT('',(122.,56.,69.5));
#2090 = VECTOR('',#2091,1.);
#2091 = DIRECTION('',(0.,1.,0.));
#2092 = ORIENTED_EDGE('',*,*,#2093,.F.);
#2093 = EDGE_CURVE('',#2070,#2086,#2094,.T.);
#2094 = LINE('',#2095,#2096);
#2095 = CARTESIAN_POINT('',(8.,60.,69.5));
#2096 = VECTOR('',#2097,1.);
#2097 = DIRECTION('',(1.,0.,0.));
#2098 = PLANE('',#2099);
#2099 = AXIS2_PLACEMENT_3D('',#2100,#2101,#2102);
#2100 = CARTESIAN_POINT('',(8.,56.,69.5));
#2101 = DIRECTION('',(0.,0.,1.));
#2102 = DIRECTION('',(1.,0.,0.));
#2103 = ADVANCED_FACE('',(#2104),#2131,.T.);
#2104 = FACE_BOUND('',#2105,.T.);
#2105 = EDGE_LOOP('',(#2106,#2115,#2123,#2130));
#2106 = ORIENTED_EDGE('',*,*,#2107,.F.);
#2107 = EDGE_CURVE('',#2108,#2070,#2110,.T.);
#2108 = VERTEX_POINT('',#2109);
#2109 = CARTESIAN_POINT('',(0.5,60.,62.));
#2110 = CIRCLE('',#2111,7.5);
#2111 = AXIS2_PLACEMENT_3D('',#2112,#2113,#2114);
#2112 = CARTESIAN_POINT('',(8.,60.,62.));
#2113 = DIRECTION('',(0.,1.,0.));
#2114 = DIRECTION('',(0.,0.,1.));
#2115 = ORIENTED_EDGE('',*,*,#2116,.F.);
#2116 = EDGE_CURVE('',#2117,#2108,#2119,.T.);
#2117 = VERTEX_POINT('',#2118);
#2118 = CARTESIAN_POINT('',(0.5,56.,62.));
#2119 = LINE('',#2120,#2121);
#2120 = CARTESIAN_POINT('',(0.5,56.,62.));
#2121 = VECTOR('',#2122,1.);
#2122 = DIRECTION('',(0.,1.,0.));
#2123 = ORIENTED_EDGE('',*,*,#2124,.T.);
#2124 = EDGE_CURVE('',#2117,#2068,#2125,.T.);
#2125 = CIRCLE('',#2126,7.5);
#2126 = AXIS2_PLACEMENT_3D('',#2127,#2128,#2129);
#2127 = CARTESIAN_POINT('',(8.,56.,62.));
#2128 = DIRECTION('',(0.,1.,0.));
#2129 = DIRECTION('',(0.,0.,1.));
#2130 = ORIENTED_EDGE('',*,*,#2067,.T.);
#2131 = CYLINDRICAL_SURFACE('',#2132,7.5);
#2132 = AXIS2_PLACEMENT_3D('',#2133,#2134,#2135);
#2133 = CARTESIAN_POINT('',(8.,56.,62.));
#2134 = DIRECTION('',(0.,1.,0.));
#2135 = DIRECTION('',(0.,0.,1.));
#2136 = ADVANCED_FACE('',(#2137,#2190,#2201,#2212,#2223),#2234,.T.);
#2137 = FACE_BOUND('',#2138,.T.);
#2138 = EDGE_LOOP('',(#2139,#2149,#2158,#2164,#2165,#2166,#2175,#2183));
#2139 = ORIENTED_EDGE('',*,*,#2140,.F.);
#2140 = EDGE_CURVE('',#2141,#2143,#2145,.T.);
#2141 = VERTEX_POINT('',#2142);
#2142 = CARTESIAN_POINT('',(8.,60.,0.5));
#2143 = VERTEX_POINT('',#2144);
#2144 = CARTESIAN_POINT('',(122.,60.,0.5));
#2145 = LINE('',#2146,#2147);
#2146 = CARTESIAN_POINT('',(8.,60.,0.5));
#2147 = VECTOR('',#2148,1.);
#2148 = DIRECTION('',(1.,0.,0.));
#2149 = ORIENTED_EDGE('',*,*,#2150,.T.);
#2150 = EDGE_CURVE('',#2141,#2151,#2153,.T.);
#2151 = VERTEX_POINT('',#2152);
#2152 = CARTESIAN_POINT('',(0.5,60.,8.));
#2153 = CIRCLE('',#2154,7.5);
#2154 = AXIS2_PLACEMENT_3D('',#2155,#2156,#2157);
#2155 = CARTESIAN_POINT('',(8.,60.,8.));
#2156 = DIRECTION('',(0.,1.,0.));
#2157 = DIRECTION('',(0.,0.,1.));
#2158 = ORIENTED_EDGE('',*,*,#2159,.T.);
#2159 = EDGE_CURVE('',#2151,#2108,#2160,.T.);
#2160 = LINE('',#2161,#2162);
#2161 = CARTESIAN_POINT('',(0.5,60.,8.));
#2162 = VECTOR('',#2163,1.);
#2163 = DIRECTION('',(0.,0.,1.));
#2164 = ORIENTED_EDGE('',*,*,#2107,.T.);
#2165 = ORIENTED_EDGE('',*,*,#2093,.T.);
#2166 = ORIENTED_EDGE('',*,*,#2167,.T.);
#2167 = EDGE_CURVE('',#2086,#2168,#2170,.T.);
#2168 = VERTEX_POINT('',#2169);
#2169 = CARTESIAN_POINT('',(129.5,60.,62.));
#2170 = CIRCLE('',#2171,7.5);
#2171 = AXIS2_PLACEMENT_3D('',#2172,#2173,#2174);
#2172 = CARTESIAN_POINT('',(122.,60.,62.));
#2173 = DIRECTION('',(0.,1.,0.));
#2174 = DIRECTION('',(0.,0.,1.));
#2175 = ORIENTED_EDGE('',*,*,#2176,.F.);
#2176 = EDGE_CURVE('',#2177,#2168,#2179,.T.);
#2177 = VERTEX_POINT('',#2178);
#2178 = CARTESIAN_POINT('',(129.5,60.,8.));
#2179 = LINE('',#2180,#2181);
#2180 = CARTESIAN_POINT('',(129.5,60.,8.));
#2181 = VECTOR('',#2182,1.);
#2182 = DIRECTION('',(0.,0.,1.));
#2183 = ORIENTED_EDGE('',*,*,#2184,.T.);
#2184 = EDGE_CURVE('',#2177,#2143,#2185,.T.);
#2185 = CIRCLE('',#2186,7.5);
#2186 = AXIS2_PLACEMENT_3D('',#2187,#2188,#2189);
#2187 = CARTESIAN_POINT('',(122.,60.,8.));
#2188 = DIRECTION('',(0.,1.,0.));
#2189 = DIRECTION('',(0.,0.,1.));
#2190 = FACE_BOUND('',#2191,.T.);
#2191 = EDGE_LOOP('',(#2192));
#2192 = ORIENTED_EDGE('',*,*,#2193,.F.);
#2193 = EDGE_CURVE('',#2194,#2194,#2196,.T.);
#2194 = VERTEX_POINT('',#2195);
#2195 = CARTESIAN_POINT('',(6.,60.,8.3));
#2196 = CIRCLE('',#2197,2.3);
#2197 = AXIS2_PLACEMENT_3D('',#2198,#2199,#2200);
#2198 = CARTESIAN_POINT('',(6.,60.,6.));
#2199 = DIRECTION('',(0.,1.,0.));
#2200 = DIRECTION('',(0.,0.,1.));
#2201 = FACE_BOUND('',#2202,.T.);
#2202 = EDGE_LOOP('',(#2203));
#2203 = ORIENTED_EDGE('',*,*,#2204,.F.);
#2204 = EDGE_CURVE('',#2205,#2205,#2207,.T.);
#2205 = VERTEX_POINT('',#2206);
#2206 = CARTESIAN_POINT('',(6.,60.,66.3));
#2207 = CIRCLE('',#2208,2.3);
#2208 = AXIS2_PLACEMENT_3D('',#2209,#2210,#2211);
#2209 = CARTESIAN_POINT('',(6.,60.,64.));
#2210 = DIRECTION('',(0.,1.,0.));
#2211 = DIRECTION('',(0.,0.,1.));
#2212 = FACE_BOUND('',#2213,.T.);
#2213 = EDGE_LOOP('',(#2214));
#2214 = ORIENTED_EDGE('',*,*,#2215,.F.);
#2215 = EDGE_CURVE('',#2216,#2216,#2218,.T.);
#2216 = VERTEX_POINT('',#2217);
#2217 = CARTESIAN_POINT('',(124.,60.,8.3));
#2218 = CIRCLE('',#2219,2.3);
#2219 = AXIS2_PLACEMENT_3D('',#2220,#2221,#2222);
#2220 = CARTESIAN_POINT('',(124.,60.,6.));
#2221 = DIRECTION('',(0.,1.,0.));
#2222 = DIRECTION('',(0.,0.,1.));
#2223 = FACE_BOUND('',#2224,.T.);
#2224 = EDGE_LOOP('',(#2225));
#2225 = ORIENTED_EDGE('',*,*,#2226,.F.);
#2226 = EDGE_CURVE('',#2227,#2227,#2229,.T.);
#2227 = VERTEX_POINT('',#2228);
#2228 = CARTESIAN_POINT('',(124.,60.,66.3));
#2229 = CIRCLE('',#2230,2.3);
#2230 = AXIS2_PLACEMENT_3D('',#2231,#2232,#2233);
#2231 = CARTESIAN_POINT('',(124.,60.,64.));
#2232 = DIRECTION('',(0.,1.,0.));
#2233 = DIRECTION('',(0.,0.,1.));
#2234 = PLANE('',#2235);
#2235 = AXIS2_PLACEMENT_3D('',#2236,#2237,#2238);
#2236 = CARTESIAN_POINT('',(65.,60.,35.));
#2237 = DIRECTION('',(0.,1.,0.));
#2238 = DIRECTION('',(0.,0.,1.));
#2239 = ADVANCED_FACE('',(#2240),#2259,.T.);
#2240 = FACE_BOUND('',#2241,.T.);
#2241 = EDGE_LOOP('',(#2242,#2243,#2244,#2253));
#2242 = ORIENTED_EDGE('',*,*,#2167,.F.);
#2243 = ORIENTED_EDGE('',*,*,#2085,.F.);
#2244 = ORIENTED_EDGE('',*,*,#2245,.T.);
#2245 = EDGE_CURVE('',#2078,#2246,#2248,.T.);
#2246 = VERTEX_POINT('',#2247);
#2247 = CARTESIAN_POINT('',(129.5,56.,62.));
#2248 = CIRCLE('',#2249,7.5);
#2249 = AXIS2_PLACEMENT_3D('',#2250,#2251,#2252);
#2250 = CARTESIAN_POINT('',(122.,56.,62.));
#2251 = DIRECTION('',(0.,1.,0.));
#2252 = DIRECTION('',(0.,0.,1.));
#2253 = ORIENTED_EDGE('',*,*,#2254,.T.);
#2254 = EDGE_CURVE('',#2246,#2168,#2255,.T.);
#2255 = LINE('',#2256,#2257);
#2256 = CARTESIAN_POINT('',(129.5,56.,62.));
#2257 = VECTOR('',#2258,1.);
#2258 = DIRECTION('',(0.,1.,0.));
#2259 = CYLINDRICAL_SURFACE('',#2260,7.5);
#2260 = AXIS2_PLACEMENT_3D('',#2261,#2262,#2263);
#2261 = CARTESIAN_POINT('',(122.,56.,62.));
#2262 = DIRECTION('',(0.,1.,0.));
#2263 = DIRECTION('',(0.,0.,1.));
#2264 = ADVANCED_FACE('',(#2265,#2310,#2321,#2332,#2343,#2483),#2494,.T.
  );
#2265 = FACE_BOUND('',#2266,.T.);
#2266 = EDGE_LOOP('',(#2267,#2277,#2286,#2292,#2293,#2294,#2295,#2303));
#2267 = ORIENTED_EDGE('',*,*,#2268,.T.);
#2268 = EDGE_CURVE('',#2269,#2271,#2273,.T.);
#2269 = VERTEX_POINT('',#2270);
#2270 = CARTESIAN_POINT('',(8.,56.,0.5));
#2271 = VERTEX_POINT('',#2272);
#2272 = CARTESIAN_POINT('',(122.,56.,0.5));
#2273 = LINE('',#2274,#2275);
#2274 = CARTESIAN_POINT('',(8.,56.,0.5));
#2275 = VECTOR('',#2276,1.);
#2276 = DIRECTION('',(1.,0.,0.));
#2277 = ORIENTED_EDGE('',*,*,#2278,.F.);
#2278 = EDGE_CURVE('',#2279,#2271,#2281,.T.);
#2279 = VERTEX_POINT('',#2280);
#2280 = CARTESIAN_POINT('',(129.5,56.,8.));
#2281 = CIRCLE('',#2282,7.5);
#2282 = AXIS2_PLACEMENT_3D('',#2283,#2284,#2285);
#2283 = CARTESIAN_POINT('',(122.,56.,8.));
#2284 = DIRECTION('',(0.,1.,0.));
#2285 = DIRECTION('',(0.,0.,1.));
#2286 = ORIENTED_EDGE('',*,*,#2287,.T.);
#2287 = EDGE_CURVE('',#2279,#2246,#2288,.T.);
#2288 = LINE('',#2289,#2290);
#2289 = CARTESIAN_POINT('',(129.5,56.,8.));
#2290 = VECTOR('',#2291,1.);
#2291 = DIRECTION('',(0.,0.,1.));
#2292 = ORIENTED_EDGE('',*,*,#2245,.F.);
#2293 = ORIENTED_EDGE('',*,*,#2077,.F.);
#2294 = ORIENTED_EDGE('',*,*,#2124,.F.);
#2295 = ORIENTED_EDGE('',*,*,#2296,.F.);
#2296 = EDGE_CURVE('',#2297,#2117,#2299,.T.);
#2297 = VERTEX_POINT('',#2298);
#2298 = CARTESIAN_POINT('',(0.5,56.,8.));
#2299 = LINE('',#2300,#2301);
#2300 = CARTESIAN_POINT('',(0.5,56.,8.));
#2301 = VECTOR('',#2302,1.);
#2302 = DIRECTION('',(0.,0.,1.));
#2303 = ORIENTED_EDGE('',*,*,#2304,.F.);
#2304 = EDGE_CURVE('',#2269,#2297,#2305,.T.);
#2305 = CIRCLE('',#2306,7.5);
#2306 = AXIS2_PLACEMENT_3D('',#2307,#2308,#2309);
#2307 = CARTESIAN_POINT('',(8.,56.,8.));
#2308 = DIRECTION('',(0.,1.,0.));
#2309 = DIRECTION('',(0.,0.,1.));
#2310 = FACE_BOUND('',#2311,.T.);
#2311 = EDGE_LOOP('',(#2312));
#2312 = ORIENTED_EDGE('',*,*,#2313,.T.);
#2313 = EDGE_CURVE('',#2314,#2314,#2316,.T.);
#2314 = VERTEX_POINT('',#2315);
#2315 = CARTESIAN_POINT('',(6.,56.,65.2));
#2316 = CIRCLE('',#2317,1.2);
#2317 = AXIS2_PLACEMENT_3D('',#2318,#2319,#2320);
#2318 = CARTESIAN_POINT('',(6.,56.,64.));
#2319 = DIRECTION('',(0.,1.,0.));
#2320 = DIRECTION('',(0.,0.,1.));
#2321 = FACE_BOUND('',#2322,.T.);
#2322 = EDGE_LOOP('',(#2323));
#2323 = ORIENTED_EDGE('',*,*,#2324,.T.);
#2324 = EDGE_CURVE('',#2325,#2325,#2327,.T.);
#2325 = VERTEX_POINT('',#2326);
#2326 = CARTESIAN_POINT('',(6.,56.,7.2));
#2327 = CIRCLE('',#2328,1.2);
#2328 = AXIS2_PLACEMENT_3D('',#2329,#2330,#2331);
#2329 = CARTESIAN_POINT('',(6.,56.,6.));
#2330 = DIRECTION('',(0.,1.,0.));
#2331 = DIRECTION('',(0.,0.,1.));
#2332 = FACE_BOUND('',#2333,.T.);
#2333 = EDGE_LOOP('',(#2334));
#2334 = ORIENTED_EDGE('',*,*,#2335,.T.);
#2335 = EDGE_CURVE('',#2336,#2336,#2338,.T.);
#2336 = VERTEX_POINT('',#2337);
#2337 = CARTESIAN_POINT('',(124.,56.,65.2));
#2338 = CIRCLE('',#2339,1.2);
#2339 = AXIS2_PLACEMENT_3D('',#2340,#2341,#2342);
#2340 = CARTESIAN_POINT('',(124.,56.,64.));
#2341 = DIRECTION('',(0.,1.,0.));
#2342 = DIRECTION('',(0.,0.,1.));
#2343 = FACE_BOUND('',#2344,.T.);
#2344 = EDGE_LOOP('',(#2345,#2356,#2364,#2373,#2382,#2390,#2399,#2408,
    #2416,#2425,#2433,#2442,#2451,#2459,#2468,#2477));
#2345 = ORIENTED_EDGE('',*,*,#2346,.F.);
#2346 = EDGE_CURVE('',#2347,#2349,#2351,.T.);
#2347 = VERTEX_POINT('',#2348);
#2348 = CARTESIAN_POINT('',(10.525483399594,56.,65.6));
#2349 = VERTEX_POINT('',#2350);
#2350 = CARTESIAN_POINT('',(4.4,56.,59.474516600406));
#2351 = CIRCLE('',#2352,4.8);
#2352 = AXIS2_PLACEMENT_3D('',#2353,#2354,#2355);
#2353 = CARTESIAN_POINT('',(6.,56.,64.));
#2354 = DIRECTION('',(0.,1.,0.));
#2355 = DIRECTION('',(0.,0.,1.));
#2356 = ORIENTED_EDGE('',*,*,#2357,.T.);
#2357 = EDGE_CURVE('',#2347,#2358,#2360,.T.);
#2358 = VERTEX_POINT('',#2359);
#2359 = CARTESIAN_POINT('',(12.875192319072,56.,65.6));
#2360 = LINE('',#2361,#2362);
#2361 = CARTESIAN_POINT('',(8.,56.,65.6));
#2362 = VECTOR('',#2363,1.);
#2363 = DIRECTION('',(1.,0.,0.));
#2364 = ORIENTED_EDGE('',*,*,#2365,.T.);
#2365 = EDGE_CURVE('',#2358,#2366,#2368,.T.);
#2366 = VERTEX_POINT('',#2367);
#2367 = CARTESIAN_POINT('',(14.5,56.,66.));
#2368 = CIRCLE('',#2369,3.5);
#2369 = AXIS2_PLACEMENT_3D('',#2370,#2371,#2372);
#2370 = CARTESIAN_POINT('',(14.5,56.,62.5));
#2371 = DIRECTION('',(0.,1.,0.));
#2372 = DIRECTION('',(0.,0.,1.));
#2373 = ORIENTED_EDGE('',*,*,#2374,.T.);
#2374 = EDGE_CURVE('',#2366,#2375,#2377,.T.);
#2375 = VERTEX_POINT('',#2376);
#2376 = CARTESIAN_POINT('',(16.124807680928,56.,65.6));
#2377 = CIRCLE('',#2378,3.5);
#2378 = AXIS2_PLACEMENT_3D('',#2379,#2380,#2381);
#2379 = CARTESIAN_POINT('',(14.5,56.,62.5));
#2380 = DIRECTION('',(0.,1.,0.));
#2381 = DIRECTION('',(0.,0.,1.));
#2382 = ORIENTED_EDGE('',*,*,#2383,.T.);
#2383 = EDGE_CURVE('',#2375,#2384,#2386,.T.);
#2384 = VERTEX_POINT('',#2385);
#2385 = CARTESIAN_POINT('',(70.875192319072,56.,65.6));
#2386 = LINE('',#2387,#2388);
#2387 = CARTESIAN_POINT('',(8.,56.,65.6));
#2388 = VECTOR('',#2389,1.);
#2389 = DIRECTION('',(1.,0.,0.));
#2390 = ORIENTED_EDGE('',*,*,#2391,.T.);
#2391 = EDGE_CURVE('',#2384,#2392,#2394,.T.);
#2392 = VERTEX_POINT('',#2393);
#2393 = CARTESIAN_POINT('',(72.5,56.,66.));
#2394 = CIRCLE('',#2395,3.5);
#2395 = AXIS2_PLACEMENT_3D('',#2396,#2397,#2398);
#2396 = CARTESIAN_POINT('',(72.5,56.,62.5));
#2397 = DIRECTION('',(0.,1.,0.));
#2398 = DIRECTION('',(0.,0.,1.));
#2399 = ORIENTED_EDGE('',*,*,#2400,.T.);
#2400 = EDGE_CURVE('',#2392,#2401,#2403,.T.);
#2401 = VERTEX_POINT('',#2402);
#2402 = CARTESIAN_POINT('',(74.124807680928,56.,65.6));
#2403 = CIRCLE('',#2404,3.5);
#2404 = AXIS2_PLACEMENT_3D('',#2405,#2406,#2407);
#2405 = CARTESIAN_POINT('',(72.5,56.,62.5));
#2406 = DIRECTION('',(0.,1.,0.));
#2407 = DIRECTION('',(0.,0.,1.));
#2408 = ORIENTED_EDGE('',*,*,#2409,.T.);
#2409 = EDGE_CURVE('',#2401,#2410,#2412,.T.);
#2410 = VERTEX_POINT('',#2411);
#2411 = CARTESIAN_POINT('',(119.4745166004,56.,65.6));
#2412 = LINE('',#2413,#2414);
#2413 = CARTESIAN_POINT('',(8.,56.,65.6));
#2414 = VECTOR('',#2415,1.);
#2415 = DIRECTION('',(1.,0.,0.));
#2416 = ORIENTED_EDGE('',*,*,#2417,.F.);
#2417 = EDGE_CURVE('',#2418,#2410,#2420,.T.);
#2418 = VERTEX_POINT('',#2419);
#2419 = CARTESIAN_POINT('',(125.6,56.,59.474516600406));
#2420 = CIRCLE('',#2421,4.8);
#2421 = AXIS2_PLACEMENT_3D('',#2422,#2423,#2424);
#2422 = CARTESIAN_POINT('',(124.,56.,64.));
#2423 = DIRECTION('',(0.,1.,0.));
#2424 = DIRECTION('',(0.,0.,1.));
#2425 = ORIENTED_EDGE('',*,*,#2426,.F.);
#2426 = EDGE_CURVE('',#2427,#2418,#2429,.T.);
#2427 = VERTEX_POINT('',#2428);
#2428 = CARTESIAN_POINT('',(125.6,56.,10.525483399594));
#2429 = LINE('',#2430,#2431);
#2430 = CARTESIAN_POINT('',(125.6,56.,8.));
#2431 = VECTOR('',#2432,1.);
#2432 = DIRECTION('',(0.,0.,1.));
#2433 = ORIENTED_EDGE('',*,*,#2434,.F.);
#2434 = EDGE_CURVE('',#2435,#2427,#2437,.T.);
#2435 = VERTEX_POINT('',#2436);
#2436 = CARTESIAN_POINT('',(124.,56.,10.8));
#2437 = CIRCLE('',#2438,4.8);
#2438 = AXIS2_PLACEMENT_3D('',#2439,#2440,#2441);
#2439 = CARTESIAN_POINT('',(124.,56.,6.));
#2440 = DIRECTION('',(0.,1.,0.));
#2441 = DIRECTION('',(0.,0.,1.));
#2442 = ORIENTED_EDGE('',*,*,#2443,.F.);
#2443 = EDGE_CURVE('',#2444,#2435,#2446,.T.);
#2444 = VERTEX_POINT('',#2445);
#2445 = CARTESIAN_POINT('',(119.4745166004,56.,4.4));
#2446 = CIRCLE('',#2447,4.8);
#2447 = AXIS2_PLACEMENT_3D('',#2448,#2449,#2450);
#2448 = CARTESIAN_POINT('',(124.,56.,6.));
#2449 = DIRECTION('',(0.,1.,0.));
#2450 = DIRECTION('',(0.,0.,1.));
#2451 = ORIENTED_EDGE('',*,*,#2452,.F.);
#2452 = EDGE_CURVE('',#2453,#2444,#2455,.T.);
#2453 = VERTEX_POINT('',#2454);
#2454 = CARTESIAN_POINT('',(10.525483399594,56.,4.4));
#2455 = LINE('',#2456,#2457);
#2456 = CARTESIAN_POINT('',(8.,56.,4.4));
#2457 = VECTOR('',#2458,1.);
#2458 = DIRECTION('',(1.,0.,0.));
#2459 = ORIENTED_EDGE('',*,*,#2460,.F.);
#2460 = EDGE_CURVE('',#2461,#2453,#2463,.T.);
#2461 = VERTEX_POINT('',#2462);
#2462 = CARTESIAN_POINT('',(6.,56.,10.8));
#2463 = CIRCLE('',#2464,4.8);
#2464 = AXIS2_PLACEMENT_3D('',#2465,#2466,#2467);
#2465 = CARTESIAN_POINT('',(6.,56.,6.));
#2466 = DIRECTION('',(0.,1.,0.));
#2467 = DIRECTION('',(0.,0.,1.));
#2468 = ORIENTED_EDGE('',*,*,#2469,.F.);
#2469 = EDGE_CURVE('',#2470,#2461,#2472,.T.);
#2470 = VERTEX_POINT('',#2471);
#2471 = CARTESIAN_POINT('',(4.4,56.,10.525483399594));
#2472 = CIRCLE('',#2473,4.8);
#2473 = AXIS2_PLACEMENT_3D('',#2474,#2475,#2476);
#2474 = CARTESIAN_POINT('',(6.,56.,6.));
#2475 = DIRECTION('',(0.,1.,0.));
#2476 = DIRECTION('',(0.,0.,1.));
#2477 = ORIENTED_EDGE('',*,*,#2478,.T.);
#2478 = EDGE_CURVE('',#2470,#2349,#2479,.T.);
#2479 = LINE('',#2480,#2481);
#2480 = CARTESIAN_POINT('',(4.4,56.,8.));
#2481 = VECTOR('',#2482,1.);
#2482 = DIRECTION('',(0.,0.,1.));
#2483 = FACE_BOUND('',#2484,.T.);
#2484 = EDGE_LOOP('',(#2485));
#2485 = ORIENTED_EDGE('',*,*,#2486,.T.);
#2486 = EDGE_CURVE('',#2487,#2487,#2489,.T.);
#2487 = VERTEX_POINT('',#2488);
#2488 = CARTESIAN_POINT('',(124.,56.,7.2));
#2489 = CIRCLE('',#2490,1.2);
#2490 = AXIS2_PLACEMENT_3D('',#2491,#2492,#2493);
#2491 = CARTESIAN_POINT('',(124.,56.,6.));
#2492 = DIRECTION('',(0.,1.,0.));
#2493 = DIRECTION('',(0.,0.,1.));
#2494 = PLANE('',#2495);
#2495 = AXIS2_PLACEMENT_3D('',#2496,#2497,#2498);
#2496 = CARTESIAN_POINT('',(65.,56.,35.));
#2497 = DIRECTION('',(-0.,-1.,-0.));
#2498 = DIRECTION('',(0.,0.,-1.));
#2499 = ADVANCED_FACE('',(#2500),#2511,.F.);
#2500 = FACE_BOUND('',#2501,.F.);
#2501 = EDGE_LOOP('',(#2502,#2503,#2509,#2510));
#2502 = ORIENTED_EDGE('',*,*,#2296,.F.);
#2503 = ORIENTED_EDGE('',*,*,#2504,.T.);
#2504 = EDGE_CURVE('',#2297,#2151,#2505,.T.);
#2505 = LINE('',#2506,#2507);
#2506 = CARTESIAN_POINT('',(0.5,56.,8.));
#2507 = VECTOR('',#2508,1.);
#2508 = DIRECTION('',(0.,1.,0.));
#2509 = ORIENTED_EDGE('',*,*,#2159,.T.);
#2510 = ORIENTED_EDGE('',*,*,#2116,.F.);
#2511 = PLANE('',#2512);
#2512 = AXIS2_PLACEMENT_3D('',#2513,#2514,#2515);
#2513 = CARTESIAN_POINT('',(0.5,56.,8.));
#2514 = DIRECTION('',(1.,0.,0.));
#2515 = DIRECTION('',(0.,0.,1.));
#2516 = ADVANCED_FACE('',(#2517),#2533,.F.);
#2517 = FACE_BOUND('',#2518,.F.);
#2518 = EDGE_LOOP('',(#2519,#2525,#2526,#2532));
#2519 = ORIENTED_EDGE('',*,*,#2520,.F.);
#2520 = EDGE_CURVE('',#2269,#2141,#2521,.T.);
#2521 = LINE('',#2522,#2523);
#2522 = CARTESIAN_POINT('',(8.,56.,0.5));
#2523 = VECTOR('',#2524,1.);
#2524 = DIRECTION('',(0.,1.,0.));
#2525 = ORIENTED_EDGE('',*,*,#2268,.T.);
#2526 = ORIENTED_EDGE('',*,*,#2527,.T.);
#2527 = EDGE_CURVE('',#2271,#2143,#2528,.T.);
#2528 = LINE('',#2529,#2530);
#2529 = CARTESIAN_POINT('',(122.,56.,0.5));
#2530 = VECTOR('',#2531,1.);
#2531 = DIRECTION('',(0.,1.,0.));
#2532 = ORIENTED_EDGE('',*,*,#2140,.F.);
#2533 = PLANE('',#2534);
#2534 = AXIS2_PLACEMENT_3D('',#2535,#2536,#2537);
#2535 = CARTESIAN_POINT('',(8.,56.,0.5));
#2536 = DIRECTION('',(0.,0.,1.));
#2537 = DIRECTION('',(1.,0.,0.));
#2538 = ADVANCED_FACE('',(#2539),#2545,.T.);
#2539 = FACE_BOUND('',#2540,.T.);
#2540 = EDGE_LOOP('',(#2541,#2542,#2543,#2544));
#2541 = ORIENTED_EDGE('',*,*,#2150,.F.);
#2542 = ORIENTED_EDGE('',*,*,#2520,.F.);
#2543 = ORIENTED_EDGE('',*,*,#2304,.T.);
#2544 = ORIENTED_EDGE('',*,*,#2504,.T.);
#2545 = CYLINDRICAL_SURFACE('',#2546,7.5);
#2546 = AXIS2_PLACEMENT_3D('',#2547,#2548,#2549);
#2547 = CARTESIAN_POINT('',(8.,56.,8.));
#2548 = DIRECTION('',(0.,1.,0.));
#2549 = DIRECTION('',(0.,0.,1.));
#2550 = ADVANCED_FACE('',(#2551),#2562,.T.);
#2551 = FACE_BOUND('',#2552,.T.);
#2552 = EDGE_LOOP('',(#2553,#2554,#2560,#2561));
#2553 = ORIENTED_EDGE('',*,*,#2184,.F.);
#2554 = ORIENTED_EDGE('',*,*,#2555,.F.);
#2555 = EDGE_CURVE('',#2279,#2177,#2556,.T.);
#2556 = LINE('',#2557,#2558);
#2557 = CARTESIAN_POINT('',(129.5,56.,8.));
#2558 = VECTOR('',#2559,1.);
#2559 = DIRECTION('',(0.,1.,0.));
#2560 = ORIENTED_EDGE('',*,*,#2278,.T.);
#2561 = ORIENTED_EDGE('',*,*,#2527,.T.);
#2562 = CYLINDRICAL_SURFACE('',#2563,7.5);
#2563 = AXIS2_PLACEMENT_3D('',#2564,#2565,#2566);
#2564 = CARTESIAN_POINT('',(122.,56.,8.));
#2565 = DIRECTION('',(0.,1.,0.));
#2566 = DIRECTION('',(0.,0.,1.));
#2567 = ADVANCED_FACE('',(#2568),#2574,.T.);
#2568 = FACE_BOUND('',#2569,.T.);
#2569 = EDGE_LOOP('',(#2570,#2571,#2572,#2573));
#2570 = ORIENTED_EDGE('',*,*,#2287,.F.);
#2571 = ORIENTED_EDGE('',*,*,#2555,.T.);
#2572 = ORIENTED_EDGE('',*,*,#2176,.T.);
#2573 = ORIENTED_EDGE('',*,*,#2254,.F.);
#2574 = PLANE('',#2575);
#2575 = AXIS2_PLACEMENT_3D('',#2576,#2577,#2578);
#2576 = CARTESIAN_POINT('',(129.5,56.,8.));
#2577 = DIRECTION('',(1.,0.,0.));
#2578 = DIRECTION('',(0.,0.,1.));
#2579 = ADVANCED_FACE('',(#2580),#2599,.F.);
#2580 = FACE_BOUND('',#2581,.F.);
#2581 = EDGE_LOOP('',(#2582,#2583,#2591,#2598));
#2582 = ORIENTED_EDGE('',*,*,#2193,.F.);
#2583 = ORIENTED_EDGE('',*,*,#2584,.F.);
#2584 = EDGE_CURVE('',#2585,#2194,#2587,.T.);
#2585 = VERTEX_POINT('',#2586);
#2586 = CARTESIAN_POINT('',(6.,58.3,8.3));
#2587 = LINE('',#2588,#2589);
#2588 = CARTESIAN_POINT('',(6.,58.3,8.3));
#2589 = VECTOR('',#2590,1.);
#2590 = DIRECTION('',(0.,1.,0.));
#2591 = ORIENTED_EDGE('',*,*,#2592,.T.);
#2592 = EDGE_CURVE('',#2585,#2585,#2593,.T.);
#2593 = CIRCLE('',#2594,2.3);
#2594 = AXIS2_PLACEMENT_3D('',#2595,#2596,#2597);
#2595 = CARTESIAN_POINT('',(6.,58.3,6.));
#2596 = DIRECTION('',(0.,1.,0.));
#2597 = DIRECTION('',(0.,0.,1.));
#2598 = ORIENTED_EDGE('',*,*,#2584,.T.);
#2599 = CYLINDRICAL_SURFACE('',#2600,2.3);
#2600 = AXIS2_PLACEMENT_3D('',#2601,#2602,#2603);
#2601 = CARTESIAN_POINT('',(6.,58.3,6.));
#2602 = DIRECTION('',(0.,1.,0.));
#2603 = DIRECTION('',(0.,0.,1.));
#2604 = ADVANCED_FACE('',(#2605),#2624,.F.);
#2605 = FACE_BOUND('',#2606,.F.);
#2606 = EDGE_LOOP('',(#2607,#2608,#2616,#2623));
#2607 = ORIENTED_EDGE('',*,*,#2204,.F.);
#2608 = ORIENTED_EDGE('',*,*,#2609,.F.);
#2609 = EDGE_CURVE('',#2610,#2205,#2612,.T.);
#2610 = VERTEX_POINT('',#2611);
#2611 = CARTESIAN_POINT('',(6.,58.3,66.3));
#2612 = LINE('',#2613,#2614);
#2613 = CARTESIAN_POINT('',(6.,58.3,66.3));
#2614 = VECTOR('',#2615,1.);
#2615 = DIRECTION('',(0.,1.,0.));
#2616 = ORIENTED_EDGE('',*,*,#2617,.T.);
#2617 = EDGE_CURVE('',#2610,#2610,#2618,.T.);
#2618 = CIRCLE('',#2619,2.3);
#2619 = AXIS2_PLACEMENT_3D('',#2620,#2621,#2622);
#2620 = CARTESIAN_POINT('',(6.,58.3,64.));
#2621 = DIRECTION('',(0.,1.,0.));
#2622 = DIRECTION('',(0.,0.,1.));
#2623 = ORIENTED_EDGE('',*,*,#2609,.T.);
#2624 = CYLINDRICAL_SURFACE('',#2625,2.3);
#2625 = AXIS2_PLACEMENT_3D('',#2626,#2627,#2628);
#2626 = CARTESIAN_POINT('',(6.,58.3,64.));
#2627 = DIRECTION('',(0.,1.,0.));
#2628 = DIRECTION('',(0.,0.,1.));
#2629 = ADVANCED_FACE('',(#2630),#2649,.F.);
#2630 = FACE_BOUND('',#2631,.F.);
#2631 = EDGE_LOOP('',(#2632,#2633,#2641,#2648));
#2632 = ORIENTED_EDGE('',*,*,#2215,.F.);
#2633 = ORIENTED_EDGE('',*,*,#2634,.F.);
#2634 = EDGE_CURVE('',#2635,#2216,#2637,.T.);
#2635 = VERTEX_POINT('',#2636);
#2636 = CARTESIAN_POINT('',(124.,58.3,8.3));
#2637 = LINE('',#2638,#2639);
#2638 = CARTESIAN_POINT('',(124.,58.3,8.3));
#2639 = VECTOR('',#2640,1.);
#2640 = DIRECTION('',(0.,1.,0.));
#2641 = ORIENTED_EDGE('',*,*,#2642,.T.);
#2642 = EDGE_CURVE('',#2635,#2635,#2643,.T.);
#2643 = CIRCLE('',#2644,2.3);
#2644 = AXIS2_PLACEMENT_3D('',#2645,#2646,#2647);
#2645 = CARTESIAN_POINT('',(124.,58.3,6.));
#2646 = DIRECTION('',(0.,1.,0.));
#2647 = DIRECTION('',(0.,0.,1.));
#2648 = ORIENTED_EDGE('',*,*,#2634,.T.);
#2649 = CYLINDRICAL_SURFACE('',#2650,2.3);
#2650 = AXIS2_PLACEMENT_3D('',#2651,#2652,#2653);
#2651 = CARTESIAN_POINT('',(124.,58.3,6.));
#2652 = DIRECTION('',(0.,1.,0.));
#2653 = DIRECTION('',(0.,0.,1.));
#2654 = ADVANCED_FACE('',(#2655),#2674,.F.);
#2655 = FACE_BOUND('',#2656,.F.);
#2656 = EDGE_LOOP('',(#2657,#2658,#2666,#2673));
#2657 = ORIENTED_EDGE('',*,*,#2226,.F.);
#2658 = ORIENTED_EDGE('',*,*,#2659,.F.);
#2659 = EDGE_CURVE('',#2660,#2227,#2662,.T.);
#2660 = VERTEX_POINT('',#2661);
#2661 = CARTESIAN_POINT('',(124.,58.3,66.3));
#2662 = LINE('',#2663,#2664);
#2663 = CARTESIAN_POINT('',(124.,58.3,66.3));
#2664 = VECTOR('',#2665,1.);
#2665 = DIRECTION('',(0.,1.,0.));
#2666 = ORIENTED_EDGE('',*,*,#2667,.T.);
#2667 = EDGE_CURVE('',#2660,#2660,#2668,.T.);
#2668 = CIRCLE('',#2669,2.3);
#2669 = AXIS2_PLACEMENT_3D('',#2670,#2671,#2672);
#2670 = CARTESIAN_POINT('',(124.,58.3,64.));
#2671 = DIRECTION('',(0.,1.,0.));
#2672 = DIRECTION('',(0.,0.,1.));
#2673 = ORIENTED_EDGE('',*,*,#2659,.T.);
#2674 = CYLINDRICAL_SURFACE('',#2675,2.3);
#2675 = AXIS2_PLACEMENT_3D('',#2676,#2677,#2678);
#2676 = CARTESIAN_POINT('',(124.,58.3,64.));
#2677 = DIRECTION('',(0.,1.,0.));
#2678 = DIRECTION('',(0.,0.,1.));
#2679 = ADVANCED_FACE('',(#2680),#2699,.F.);
#2680 = FACE_BOUND('',#2681,.F.);
#2681 = EDGE_LOOP('',(#2682,#2691,#2697,#2698));
#2682 = ORIENTED_EDGE('',*,*,#2683,.F.);
#2683 = EDGE_CURVE('',#2684,#2684,#2686,.T.);
#2684 = VERTEX_POINT('',#2685);
#2685 = CARTESIAN_POINT('',(6.,58.3,65.2));
#2686 = CIRCLE('',#2687,1.2);
#2687 = AXIS2_PLACEMENT_3D('',#2688,#2689,#2690);
#2688 = CARTESIAN_POINT('',(6.,58.3,64.));
#2689 = DIRECTION('',(0.,1.,0.));
#2690 = DIRECTION('',(0.,0.,1.));
#2691 = ORIENTED_EDGE('',*,*,#2692,.F.);
#2692 = EDGE_CURVE('',#2314,#2684,#2693,.T.);
#2693 = LINE('',#2694,#2695);
#2694 = CARTESIAN_POINT('',(6.,55.,65.2));
#2695 = VECTOR('',#2696,1.);
#2696 = DIRECTION('',(0.,1.,0.));
#2697 = ORIENTED_EDGE('',*,*,#2313,.T.);
#2698 = ORIENTED_EDGE('',*,*,#2692,.T.);
#2699 = CYLINDRICAL_SURFACE('',#2700,1.2);
#2700 = AXIS2_PLACEMENT_3D('',#2701,#2702,#2703);
#2701 = CARTESIAN_POINT('',(6.,55.,64.));
#2702 = DIRECTION('',(0.,1.,0.));
#2703 = DIRECTION('',(0.,0.,1.));
#2704 = ADVANCED_FACE('',(#2705),#2724,.F.);
#2705 = FACE_BOUND('',#2706,.F.);
#2706 = EDGE_LOOP('',(#2707,#2716,#2722,#2723));
#2707 = ORIENTED_EDGE('',*,*,#2708,.F.);
#2708 = EDGE_CURVE('',#2709,#2709,#2711,.T.);
#2709 = VERTEX_POINT('',#2710);
#2710 = CARTESIAN_POINT('',(6.,58.3,7.2));
#2711 = CIRCLE('',#2712,1.2);
#2712 = AXIS2_PLACEMENT_3D('',#2713,#2714,#2715);
#2713 = CARTESIAN_POINT('',(6.,58.3,6.));
#2714 = DIRECTION('',(0.,1.,0.));
#2715 = DIRECTION('',(0.,0.,1.));
#2716 = ORIENTED_EDGE('',*,*,#2717,.F.);
#2717 = EDGE_CURVE('',#2325,#2709,#2718,.T.);
#2718 = LINE('',#2719,#2720);
#2719 = CARTESIAN_POINT('',(6.,55.,7.2));
#2720 = VECTOR('',#2721,1.);
#2721 = DIRECTION('',(0.,1.,0.));
#2722 = ORIENTED_EDGE('',*,*,#2324,.T.);
#2723 = ORIENTED_EDGE('',*,*,#2717,.T.);
#2724 = CYLINDRICAL_SURFACE('',#2725,1.2);
#2725 = AXIS2_PLACEMENT_3D('',#2726,#2727,#2728);
#2726 = CARTESIAN_POINT('',(6.,55.,6.));
#2727 = DIRECTION('',(0.,1.,0.));
#2728 = DIRECTION('',(0.,0.,1.));
#2729 = ADVANCED_FACE('',(#2730),#2749,.F.);
#2730 = FACE_BOUND('',#2731,.F.);
#2731 = EDGE_LOOP('',(#2732,#2741,#2747,#2748));
#2732 = ORIENTED_EDGE('',*,*,#2733,.F.);
#2733 = EDGE_CURVE('',#2734,#2734,#2736,.T.);
#2734 = VERTEX_POINT('',#2735);
#2735 = CARTESIAN_POINT('',(124.,58.3,65.2));
#2736 = CIRCLE('',#2737,1.2);
#2737 = AXIS2_PLACEMENT_3D('',#2738,#2739,#2740);
#2738 = CARTESIAN_POINT('',(124.,58.3,64.));
#2739 = DIRECTION('',(0.,1.,0.));
#2740 = DIRECTION('',(0.,0.,1.));
#2741 = ORIENTED_EDGE('',*,*,#2742,.F.);
#2742 = EDGE_CURVE('',#2336,#2734,#2743,.T.);
#2743 = LINE('',#2744,#2745);
#2744 = CARTESIAN_POINT('',(124.,55.,65.2));
#2745 = VECTOR('',#2746,1.);
#2746 = DIRECTION('',(0.,1.,0.));
#2747 = ORIENTED_EDGE('',*,*,#2335,.T.);
#2748 = ORIENTED_EDGE('',*,*,#2742,.T.);
#2749 = CYLINDRICAL_SURFACE('',#2750,1.2);
#2750 = AXIS2_PLACEMENT_3D('',#2751,#2752,#2753);
#2751 = CARTESIAN_POINT('',(124.,55.,64.));
#2752 = DIRECTION('',(0.,1.,0.));
#2753 = DIRECTION('',(0.,0.,1.));
#2754 = ADVANCED_FACE('',(#2755),#2781,.F.);
#2755 = FACE_BOUND('',#2756,.F.);
#2756 = EDGE_LOOP('',(#2757,#2765,#2774,#2780));
#2757 = ORIENTED_EDGE('',*,*,#2758,.F.);
#2758 = EDGE_CURVE('',#2759,#2347,#2761,.T.);
#2759 = VERTEX_POINT('',#2760);
#2760 = CARTESIAN_POINT('',(10.525483399594,54.,65.6));
#2761 = LINE('',#2762,#2763);
#2762 = CARTESIAN_POINT('',(10.525483399594,53.6,65.6));
#2763 = VECTOR('',#2764,1.);
#2764 = DIRECTION('',(0.,1.,0.));
#2765 = ORIENTED_EDGE('',*,*,#2766,.T.);
#2766 = EDGE_CURVE('',#2759,#2767,#2769,.T.);
#2767 = VERTEX_POINT('',#2768);
#2768 = CARTESIAN_POINT('',(4.4,54.,59.474516600406));
#2769 = CIRCLE('',#2770,4.8);
#2770 = AXIS2_PLACEMENT_3D('',#2771,#2772,#2773);
#2771 = CARTESIAN_POINT('',(6.,54.,64.));
#2772 = DIRECTION('',(0.,1.,0.));
#2773 = DIRECTION('',(0.,0.,1.));
#2774 = ORIENTED_EDGE('',*,*,#2775,.T.);
#2775 = EDGE_CURVE('',#2767,#2349,#2776,.T.);
#2776 = LINE('',#2777,#2778);
#2777 = CARTESIAN_POINT('',(4.4,53.6,59.474516600406));
#2778 = VECTOR('',#2779,1.);
#2779 = DIRECTION('',(0.,1.,0.));
#2780 = ORIENTED_EDGE('',*,*,#2346,.F.);
#2781 = CYLINDRICAL_SURFACE('',#2782,4.8);
#2782 = AXIS2_PLACEMENT_3D('',#2783,#2784,#2785);
#2783 = CARTESIAN_POINT('',(6.,53.6,64.));
#2784 = DIRECTION('',(0.,1.,0.));
#2785 = DIRECTION('',(0.,0.,1.));
#2786 = ADVANCED_FACE('',(#2787),#2805,.F.);
#2787 = FACE_BOUND('',#2788,.F.);
#2788 = EDGE_LOOP('',(#2789,#2797,#2803,#2804));
#2789 = ORIENTED_EDGE('',*,*,#2790,.F.);
#2790 = EDGE_CURVE('',#2791,#2767,#2793,.T.);
#2791 = VERTEX_POINT('',#2792);
#2792 = CARTESIAN_POINT('',(4.4,54.,10.525483399594));
#2793 = LINE('',#2794,#2795);
#2794 = CARTESIAN_POINT('',(4.4,54.,8.));
#2795 = VECTOR('',#2796,1.);
#2796 = DIRECTION('',(0.,0.,1.));
#2797 = ORIENTED_EDGE('',*,*,#2798,.T.);
#2798 = EDGE_CURVE('',#2791,#2470,#2799,.T.);
#2799 = LINE('',#2800,#2801);
#2800 = CARTESIAN_POINT('',(4.4,53.6,10.525483399594));
#2801 = VECTOR('',#2802,1.);
#2802 = DIRECTION('',(0.,1.,0.));
#2803 = ORIENTED_EDGE('',*,*,#2478,.T.);
#2804 = ORIENTED_EDGE('',*,*,#2775,.F.);
#2805 = PLANE('',#2806);
#2806 = AXIS2_PLACEMENT_3D('',#2807,#2808,#2809);
#2807 = CARTESIAN_POINT('',(4.4,54.,8.));
#2808 = DIRECTION('',(1.,0.,0.));
#2809 = DIRECTION('',(0.,0.,1.));
#2810 = ADVANCED_FACE('',(#2811),#2840,.F.);
#2811 = FACE_BOUND('',#2812,.F.);
#2812 = EDGE_LOOP('',(#2813,#2821,#2822,#2823,#2824,#2833));
#2813 = ORIENTED_EDGE('',*,*,#2814,.T.);
#2814 = EDGE_CURVE('',#2815,#2453,#2817,.T.);
#2815 = VERTEX_POINT('',#2816);
#2816 = CARTESIAN_POINT('',(10.525483399594,54.,4.4));
#2817 = LINE('',#2818,#2819);
#2818 = CARTESIAN_POINT('',(10.525483399594,53.6,4.4));
#2819 = VECTOR('',#2820,1.);
#2820 = DIRECTION('',(0.,1.,0.));
#2821 = ORIENTED_EDGE('',*,*,#2460,.F.);
#2822 = ORIENTED_EDGE('',*,*,#2469,.F.);
#2823 = ORIENTED_EDGE('',*,*,#2798,.F.);
#2824 = ORIENTED_EDGE('',*,*,#2825,.T.);
#2825 = EDGE_CURVE('',#2791,#2826,#2828,.T.);
#2826 = VERTEX_POINT('',#2827);
#2827 = CARTESIAN_POINT('',(6.,54.,10.8));
#2828 = CIRCLE('',#2829,4.8);
#2829 = AXIS2_PLACEMENT_3D('',#2830,#2831,#2832);
#2830 = CARTESIAN_POINT('',(6.,54.,6.));
#2831 = DIRECTION('',(0.,1.,0.));
#2832 = DIRECTION('',(0.,0.,1.));
#2833 = ORIENTED_EDGE('',*,*,#2834,.T.);
#2834 = EDGE_CURVE('',#2826,#2815,#2835,.T.);
#2835 = CIRCLE('',#2836,4.8);
#2836 = AXIS2_PLACEMENT_3D('',#2837,#2838,#2839);
#2837 = CARTESIAN_POINT('',(6.,54.,6.));
#2838 = DIRECTION('',(0.,1.,0.));
#2839 = DIRECTION('',(0.,0.,1.));
#2840 = CYLINDRICAL_SURFACE('',#2841,4.8);
#2841 = AXIS2_PLACEMENT_3D('',#2842,#2843,#2844);
#2842 = CARTESIAN_POINT('',(6.,53.6,6.));
#2843 = DIRECTION('',(0.,1.,0.));
#2844 = DIRECTION('',(0.,0.,1.));
#2845 = ADVANCED_FACE('',(#2846),#2864,.F.);
#2846 = FACE_BOUND('',#2847,.F.);
#2847 = EDGE_LOOP('',(#2848,#2849,#2857,#2863));
#2848 = ORIENTED_EDGE('',*,*,#2814,.F.);
#2849 = ORIENTED_EDGE('',*,*,#2850,.T.);
#2850 = EDGE_CURVE('',#2815,#2851,#2853,.T.);
#2851 = VERTEX_POINT('',#2852);
#2852 = CARTESIAN_POINT('',(119.4745166004,54.,4.4));
#2853 = LINE('',#2854,#2855);
#2854 = CARTESIAN_POINT('',(8.,54.,4.4));
#2855 = VECTOR('',#2856,1.);
#2856 = DIRECTION('',(1.,0.,0.));
#2857 = ORIENTED_EDGE('',*,*,#2858,.T.);
#2858 = EDGE_CURVE('',#2851,#2444,#2859,.T.);
#2859 = LINE('',#2860,#2861);
#2860 = CARTESIAN_POINT('',(119.4745166004,53.6,4.4));
#2861 = VECTOR('',#2862,1.);
#2862 = DIRECTION('',(0.,1.,0.));
#2863 = ORIENTED_EDGE('',*,*,#2452,.F.);
#2864 = PLANE('',#2865);
#2865 = AXIS2_PLACEMENT_3D('',#2866,#2867,#2868);
#2866 = CARTESIAN_POINT('',(8.,54.,4.4));
#2867 = DIRECTION('',(0.,0.,1.));
#2868 = DIRECTION('',(1.,0.,0.));
#2869 = ADVANCED_FACE('',(#2870),#2899,.F.);
#2870 = FACE_BOUND('',#2871,.F.);
#2871 = EDGE_LOOP('',(#2872,#2880,#2881,#2882,#2883,#2892));
#2872 = ORIENTED_EDGE('',*,*,#2873,.T.);
#2873 = EDGE_CURVE('',#2874,#2427,#2876,.T.);
#2874 = VERTEX_POINT('',#2875);
#2875 = CARTESIAN_POINT('',(125.6,54.,10.525483399594));
#2876 = LINE('',#2877,#2878);
#2877 = CARTESIAN_POINT('',(125.6,53.6,10.525483399594));
#2878 = VECTOR('',#2879,1.);
#2879 = DIRECTION('',(0.,1.,0.));
#2880 = ORIENTED_EDGE('',*,*,#2434,.F.);
#2881 = ORIENTED_EDGE('',*,*,#2443,.F.);
#2882 = ORIENTED_EDGE('',*,*,#2858,.F.);
#2883 = ORIENTED_EDGE('',*,*,#2884,.T.);
#2884 = EDGE_CURVE('',#2851,#2885,#2887,.T.);
#2885 = VERTEX_POINT('',#2886);
#2886 = CARTESIAN_POINT('',(124.,54.,10.8));
#2887 = CIRCLE('',#2888,4.8);
#2888 = AXIS2_PLACEMENT_3D('',#2889,#2890,#2891);
#2889 = CARTESIAN_POINT('',(124.,54.,6.));
#2890 = DIRECTION('',(0.,1.,0.));
#2891 = DIRECTION('',(0.,0.,1.));
#2892 = ORIENTED_EDGE('',*,*,#2893,.T.);
#2893 = EDGE_CURVE('',#2885,#2874,#2894,.T.);
#2894 = CIRCLE('',#2895,4.8);
#2895 = AXIS2_PLACEMENT_3D('',#2896,#2897,#2898);
#2896 = CARTESIAN_POINT('',(124.,54.,6.));
#2897 = DIRECTION('',(0.,1.,0.));
#2898 = DIRECTION('',(0.,0.,1.));
#2899 = CYLINDRICAL_SURFACE('',#2900,4.8);
#2900 = AXIS2_PLACEMENT_3D('',#2901,#2902,#2903);
#2901 = CARTESIAN_POINT('',(124.,53.6,6.));
#2902 = DIRECTION('',(0.,1.,0.));
#2903 = DIRECTION('',(0.,0.,1.));
#2904 = ADVANCED_FACE('',(#2905),#2923,.T.);
#2905 = FACE_BOUND('',#2906,.T.);
#2906 = EDGE_LOOP('',(#2907,#2915,#2916,#2917));
#2907 = ORIENTED_EDGE('',*,*,#2908,.F.);
#2908 = EDGE_CURVE('',#2874,#2909,#2911,.T.);
#2909 = VERTEX_POINT('',#2910);
#2910 = CARTESIAN_POINT('',(125.6,54.,59.474516600406));
#2911 = LINE('',#2912,#2913);
#2912 = CARTESIAN_POINT('',(125.6,54.,8.));
#2913 = VECTOR('',#2914,1.);
#2914 = DIRECTION('',(0.,0.,1.));
#2915 = ORIENTED_EDGE('',*,*,#2873,.T.);
#2916 = ORIENTED_EDGE('',*,*,#2426,.T.);
#2917 = ORIENTED_EDGE('',*,*,#2918,.F.);
#2918 = EDGE_CURVE('',#2909,#2418,#2919,.T.);
#2919 = LINE('',#2920,#2921);
#2920 = CARTESIAN_POINT('',(125.6,53.6,59.474516600406));
#2921 = VECTOR('',#2922,1.);
#2922 = DIRECTION('',(0.,1.,0.));
#2923 = PLANE('',#2924);
#2924 = AXIS2_PLACEMENT_3D('',#2925,#2926,#2927);
#2925 = CARTESIAN_POINT('',(125.6,54.,8.));
#2926 = DIRECTION('',(1.,0.,0.));
#2927 = DIRECTION('',(0.,0.,1.));
#2928 = ADVANCED_FACE('',(#2929),#2948,.F.);
#2929 = FACE_BOUND('',#2930,.F.);
#2930 = EDGE_LOOP('',(#2931,#2940,#2946,#2947));
#2931 = ORIENTED_EDGE('',*,*,#2932,.T.);
#2932 = EDGE_CURVE('',#2909,#2933,#2935,.T.);
#2933 = VERTEX_POINT('',#2934);
#2934 = CARTESIAN_POINT('',(119.4745166004,54.,65.6));
#2935 = CIRCLE('',#2936,4.8);
#2936 = AXIS2_PLACEMENT_3D('',#2937,#2938,#2939);
#2937 = CARTESIAN_POINT('',(124.,54.,64.));
#2938 = DIRECTION('',(0.,1.,0.));
#2939 = DIRECTION('',(0.,0.,1.));
#2940 = ORIENTED_EDGE('',*,*,#2941,.T.);
#2941 = EDGE_CURVE('',#2933,#2410,#2942,.T.);
#2942 = LINE('',#2943,#2944);
#2943 = CARTESIAN_POINT('',(119.4745166004,53.6,65.6));
#2944 = VECTOR('',#2945,1.);
#2945 = DIRECTION('',(0.,1.,0.));
#2946 = ORIENTED_EDGE('',*,*,#2417,.F.);
#2947 = ORIENTED_EDGE('',*,*,#2918,.F.);
#2948 = CYLINDRICAL_SURFACE('',#2949,4.8);
#2949 = AXIS2_PLACEMENT_3D('',#2950,#2951,#2952);
#2950 = CARTESIAN_POINT('',(124.,53.6,64.));
#2951 = DIRECTION('',(0.,1.,0.));
#2952 = DIRECTION('',(0.,0.,1.));
#2953 = ADVANCED_FACE('',(#2954),#2972,.T.);
#2954 = FACE_BOUND('',#2955,.T.);
#2955 = EDGE_LOOP('',(#2956,#2964,#2970,#2971));
#2956 = ORIENTED_EDGE('',*,*,#2957,.F.);
#2957 = EDGE_CURVE('',#2958,#2401,#2960,.T.);
#2958 = VERTEX_POINT('',#2959);
#2959 = CARTESIAN_POINT('',(74.124807680928,54.,65.6));
#2960 = LINE('',#2961,#2962);
#2961 = CARTESIAN_POINT('',(74.124807680927,53.8,65.6));
#2962 = VECTOR('',#2963,1.);
#2963 = DIRECTION('',(0.,1.,0.));
#2964 = ORIENTED_EDGE('',*,*,#2965,.T.);
#2965 = EDGE_CURVE('',#2958,#2933,#2966,.T.);
#2966 = LINE('',#2967,#2968);
#2967 = CARTESIAN_POINT('',(8.,54.,65.6));
#2968 = VECTOR('',#2969,1.);
#2969 = DIRECTION('',(1.,0.,0.));
#2970 = ORIENTED_EDGE('',*,*,#2941,.T.);
#2971 = ORIENTED_EDGE('',*,*,#2409,.F.);
#2972 = PLANE('',#2973);
#2973 = AXIS2_PLACEMENT_3D('',#2974,#2975,#2976);
#2974 = CARTESIAN_POINT('',(8.,54.,65.6));
#2975 = DIRECTION('',(0.,0.,1.));
#2976 = DIRECTION('',(1.,0.,0.));
#2977 = ADVANCED_FACE('',(#2978),#3014,.T.);
#2978 = FACE_BOUND('',#2979,.T.);
#2979 = EDGE_LOOP('',(#2980,#2981,#2989,#2996,#2997,#2998,#3006,#3013));
#2980 = ORIENTED_EDGE('',*,*,#2400,.F.);
#2981 = ORIENTED_EDGE('',*,*,#2982,.F.);
#2982 = EDGE_CURVE('',#2983,#2392,#2985,.T.);
#2983 = VERTEX_POINT('',#2984);
#2984 = CARTESIAN_POINT('',(72.5,53.8,66.));
#2985 = LINE('',#2986,#2987);
#2986 = CARTESIAN_POINT('',(72.5,53.8,66.));
#2987 = VECTOR('',#2988,1.);
#2988 = DIRECTION('',(0.,1.,0.));
#2989 = ORIENTED_EDGE('',*,*,#2990,.T.);
#2990 = EDGE_CURVE('',#2983,#2983,#2991,.T.);
#2991 = CIRCLE('',#2992,3.5);
#2992 = AXIS2_PLACEMENT_3D('',#2993,#2994,#2995);
#2993 = CARTESIAN_POINT('',(72.5,53.8,62.5));
#2994 = DIRECTION('',(0.,1.,0.));
#2995 = DIRECTION('',(0.,0.,1.));
#2996 = ORIENTED_EDGE('',*,*,#2982,.T.);
#2997 = ORIENTED_EDGE('',*,*,#2391,.F.);
#2998 = ORIENTED_EDGE('',*,*,#2999,.F.);
#2999 = EDGE_CURVE('',#3000,#2384,#3002,.T.);
#3000 = VERTEX_POINT('',#3001);
#3001 = CARTESIAN_POINT('',(70.875192319072,54.,65.6));
#3002 = LINE('',#3003,#3004);
#3003 = CARTESIAN_POINT('',(70.875192319073,53.8,65.6));
#3004 = VECTOR('',#3005,1.);
#3005 = DIRECTION('',(0.,1.,0.));
#3006 = ORIENTED_EDGE('',*,*,#3007,.F.);
#3007 = EDGE_CURVE('',#2958,#3000,#3008,.T.);
#3008 = CIRCLE('',#3009,3.5);
#3009 = AXIS2_PLACEMENT_3D('',#3010,#3011,#3012);
#3010 = CARTESIAN_POINT('',(72.5,54.,62.5));
#3011 = DIRECTION('',(0.,1.,0.));
#3012 = DIRECTION('',(0.,0.,1.));
#3013 = ORIENTED_EDGE('',*,*,#2957,.T.);
#3014 = CYLINDRICAL_SURFACE('',#3015,3.5);
#3015 = AXIS2_PLACEMENT_3D('',#3016,#3017,#3018);
#3016 = CARTESIAN_POINT('',(72.5,53.8,62.5));
#3017 = DIRECTION('',(0.,1.,0.));
#3018 = DIRECTION('',(0.,0.,1.));
#3019 = ADVANCED_FACE('',(#3020),#3038,.T.);
#3020 = FACE_BOUND('',#3021,.T.);
#3021 = EDGE_LOOP('',(#3022,#3030,#3036,#3037));
#3022 = ORIENTED_EDGE('',*,*,#3023,.F.);
#3023 = EDGE_CURVE('',#3024,#2375,#3026,.T.);
#3024 = VERTEX_POINT('',#3025);
#3025 = CARTESIAN_POINT('',(16.124807680928,54.,65.6));
#3026 = LINE('',#3027,#3028);
#3027 = CARTESIAN_POINT('',(16.124807680927,53.8,65.6));
#3028 = VECTOR('',#3029,1.);
#3029 = DIRECTION('',(0.,1.,0.));
#3030 = ORIENTED_EDGE('',*,*,#3031,.T.);
#3031 = EDGE_CURVE('',#3024,#3000,#3032,.T.);
#3032 = LINE('',#3033,#3034);
#3033 = CARTESIAN_POINT('',(8.,54.,65.6));
#3034 = VECTOR('',#3035,1.);
#3035 = DIRECTION('',(1.,0.,0.));
#3036 = ORIENTED_EDGE('',*,*,#2999,.T.);
#3037 = ORIENTED_EDGE('',*,*,#2383,.F.);
#3038 = PLANE('',#3039);
#3039 = AXIS2_PLACEMENT_3D('',#3040,#3041,#3042);
#3040 = CARTESIAN_POINT('',(8.,54.,65.6));
#3041 = DIRECTION('',(0.,0.,1.));
#3042 = DIRECTION('',(1.,0.,0.));
#3043 = ADVANCED_FACE('',(#3044),#3080,.T.);
#3044 = FACE_BOUND('',#3045,.T.);
#3045 = EDGE_LOOP('',(#3046,#3047,#3055,#3062,#3063,#3064,#3072,#3079));
#3046 = ORIENTED_EDGE('',*,*,#2374,.F.);
#3047 = ORIENTED_EDGE('',*,*,#3048,.F.);
#3048 = EDGE_CURVE('',#3049,#2366,#3051,.T.);
#3049 = VERTEX_POINT('',#3050);
#3050 = CARTESIAN_POINT('',(14.5,53.8,66.));
#3051 = LINE('',#3052,#3053);
#3052 = CARTESIAN_POINT('',(14.5,53.8,66.));
#3053 = VECTOR('',#3054,1.);
#3054 = DIRECTION('',(0.,1.,0.));
#3055 = ORIENTED_EDGE('',*,*,#3056,.T.);
#3056 = EDGE_CURVE('',#3049,#3049,#3057,.T.);
#3057 = CIRCLE('',#3058,3.5);
#3058 = AXIS2_PLACEMENT_3D('',#3059,#3060,#3061);
#3059 = CARTESIAN_POINT('',(14.5,53.8,62.5));
#3060 = DIRECTION('',(0.,1.,0.));
#3061 = DIRECTION('',(0.,0.,1.));
#3062 = ORIENTED_EDGE('',*,*,#3048,.T.);
#3063 = ORIENTED_EDGE('',*,*,#2365,.F.);
#3064 = ORIENTED_EDGE('',*,*,#3065,.F.);
#3065 = EDGE_CURVE('',#3066,#2358,#3068,.T.);
#3066 = VERTEX_POINT('',#3067);
#3067 = CARTESIAN_POINT('',(12.875192319072,54.,65.6));
#3068 = LINE('',#3069,#3070);
#3069 = CARTESIAN_POINT('',(12.875192319073,53.8,65.6));
#3070 = VECTOR('',#3071,1.);
#3071 = DIRECTION('',(0.,1.,0.));
#3072 = ORIENTED_EDGE('',*,*,#3073,.F.);
#3073 = EDGE_CURVE('',#3024,#3066,#3074,.T.);
#3074 = CIRCLE('',#3075,3.5);
#3075 = AXIS2_PLACEMENT_3D('',#3076,#3077,#3078);
#3076 = CARTESIAN_POINT('',(14.5,54.,62.5));
#3077 = DIRECTION('',(0.,1.,0.));
#3078 = DIRECTION('',(0.,0.,1.));
#3079 = ORIENTED_EDGE('',*,*,#3023,.T.);
#3080 = CYLINDRICAL_SURFACE('',#3081,3.5);
#3081 = AXIS2_PLACEMENT_3D('',#3082,#3083,#3084);
#3082 = CARTESIAN_POINT('',(14.5,53.8,62.5));
#3083 = DIRECTION('',(0.,1.,0.));
#3084 = DIRECTION('',(0.,0.,1.));
#3085 = ADVANCED_FACE('',(#3086),#3097,.T.);
#3086 = FACE_BOUND('',#3087,.T.);
#3087 = EDGE_LOOP('',(#3088,#3089,#3095,#3096));
#3088 = ORIENTED_EDGE('',*,*,#2758,.F.);
#3089 = ORIENTED_EDGE('',*,*,#3090,.T.);
#3090 = EDGE_CURVE('',#2759,#3066,#3091,.T.);
#3091 = LINE('',#3092,#3093);
#3092 = CARTESIAN_POINT('',(8.,54.,65.6));
#3093 = VECTOR('',#3094,1.);
#3094 = DIRECTION('',(1.,0.,0.));
#3095 = ORIENTED_EDGE('',*,*,#3065,.T.);
#3096 = ORIENTED_EDGE('',*,*,#2357,.F.);
#3097 = PLANE('',#3098);
#3098 = AXIS2_PLACEMENT_3D('',#3099,#3100,#3101);
#3099 = CARTESIAN_POINT('',(8.,54.,65.6));
#3100 = DIRECTION('',(0.,0.,1.));
#3101 = DIRECTION('',(1.,0.,0.));
#3102 = ADVANCED_FACE('',(#3103),#3122,.F.);
#3103 = FACE_BOUND('',#3104,.F.);
#3104 = EDGE_LOOP('',(#3105,#3114,#3120,#3121));
#3105 = ORIENTED_EDGE('',*,*,#3106,.F.);
#3106 = EDGE_CURVE('',#3107,#3107,#3109,.T.);
#3107 = VERTEX_POINT('',#3108);
#3108 = CARTESIAN_POINT('',(124.,58.3,7.2));
#3109 = CIRCLE('',#3110,1.2);
#3110 = AXIS2_PLACEMENT_3D('',#3111,#3112,#3113);
#3111 = CARTESIAN_POINT('',(124.,58.3,6.));
#3112 = DIRECTION('',(0.,1.,0.));
#3113 = DIRECTION('',(0.,0.,1.));
#3114 = ORIENTED_EDGE('',*,*,#3115,.F.);
#3115 = EDGE_CURVE('',#2487,#3107,#3116,.T.);
#3116 = LINE('',#3117,#3118);
#3117 = CARTESIAN_POINT('',(124.,55.,7.2));
#3118 = VECTOR('',#3119,1.);
#3119 = DIRECTION('',(0.,1.,0.));
#3120 = ORIENTED_EDGE('',*,*,#2486,.T.);
#3121 = ORIENTED_EDGE('',*,*,#3115,.T.);
#3122 = CYLINDRICAL_SURFACE('',#3123,1.2);
#3123 = AXIS2_PLACEMENT_3D('',#3124,#3125,#3126);
#3124 = CARTESIAN_POINT('',(124.,55.,6.));
#3125 = DIRECTION('',(0.,1.,0.));
#3126 = DIRECTION('',(0.,0.,1.));
#3127 = ADVANCED_FACE('',(#3128,#3131),#3134,.T.);
#3128 = FACE_BOUND('',#3129,.T.);
#3129 = EDGE_LOOP('',(#3130));
#3130 = ORIENTED_EDGE('',*,*,#2592,.T.);
#3131 = FACE_BOUND('',#3132,.T.);
#3132 = EDGE_LOOP('',(#3133));
#3133 = ORIENTED_EDGE('',*,*,#2708,.F.);
#3134 = PLANE('',#3135);
#3135 = AXIS2_PLACEMENT_3D('',#3136,#3137,#3138);
#3136 = CARTESIAN_POINT('',(6.,58.3,6.));
#3137 = DIRECTION('',(0.,1.,0.));
#3138 = DIRECTION('',(0.,0.,1.));
#3139 = ADVANCED_FACE('',(#3140,#3143),#3146,.T.);
#3140 = FACE_BOUND('',#3141,.T.);
#3141 = EDGE_LOOP('',(#3142));
#3142 = ORIENTED_EDGE('',*,*,#2617,.T.);
#3143 = FACE_BOUND('',#3144,.T.);
#3144 = EDGE_LOOP('',(#3145));
#3145 = ORIENTED_EDGE('',*,*,#2683,.F.);
#3146 = PLANE('',#3147);
#3147 = AXIS2_PLACEMENT_3D('',#3148,#3149,#3150);
#3148 = CARTESIAN_POINT('',(6.,58.3,64.));
#3149 = DIRECTION('',(0.,1.,0.));
#3150 = DIRECTION('',(0.,0.,1.));
#3151 = ADVANCED_FACE('',(#3152,#3155),#3158,.T.);
#3152 = FACE_BOUND('',#3153,.T.);
#3153 = EDGE_LOOP('',(#3154));
#3154 = ORIENTED_EDGE('',*,*,#2642,.T.);
#3155 = FACE_BOUND('',#3156,.T.);
#3156 = EDGE_LOOP('',(#3157));
#3157 = ORIENTED_EDGE('',*,*,#3106,.F.);
#3158 = PLANE('',#3159);
#3159 = AXIS2_PLACEMENT_3D('',#3160,#3161,#3162);
#3160 = CARTESIAN_POINT('',(124.,58.3,6.));
#3161 = DIRECTION('',(0.,1.,0.));
#3162 = DIRECTION('',(0.,0.,1.));
#3163 = ADVANCED_FACE('',(#3164,#3167),#3170,.T.);
#3164 = FACE_BOUND('',#3165,.T.);
#3165 = EDGE_LOOP('',(#3166));
#3166 = ORIENTED_EDGE('',*,*,#2667,.T.);
#3167 = FACE_BOUND('',#3168,.T.);
#3168 = EDGE_LOOP('',(#3169));
#3169 = ORIENTED_EDGE('',*,*,#2733,.F.);
#3170 = PLANE('',#3171);
#3171 = AXIS2_PLACEMENT_3D('',#3172,#3173,#3174);
#3172 = CARTESIAN_POINT('',(124.,58.3,64.));
#3173 = DIRECTION('',(0.,1.,0.));
#3174 = DIRECTION('',(0.,0.,1.));
#3175 = ADVANCED_FACE('',(#3176,#3192),#3279,.T.);
#3176 = FACE_BOUND('',#3177,.T.);
#3177 = EDGE_LOOP('',(#3178,#3179,#3180,#3181,#3182,#3183,#3184,#3185,
    #3186,#3187,#3188,#3189,#3190,#3191));
#3178 = ORIENTED_EDGE('',*,*,#2790,.F.);
#3179 = ORIENTED_EDGE('',*,*,#2825,.T.);
#3180 = ORIENTED_EDGE('',*,*,#2834,.T.);
#3181 = ORIENTED_EDGE('',*,*,#2850,.T.);
#3182 = ORIENTED_EDGE('',*,*,#2884,.T.);
#3183 = ORIENTED_EDGE('',*,*,#2893,.T.);
#3184 = ORIENTED_EDGE('',*,*,#2908,.T.);
#3185 = ORIENTED_EDGE('',*,*,#2932,.T.);
#3186 = ORIENTED_EDGE('',*,*,#2965,.F.);
#3187 = ORIENTED_EDGE('',*,*,#3007,.T.);
#3188 = ORIENTED_EDGE('',*,*,#3031,.F.);
#3189 = ORIENTED_EDGE('',*,*,#3073,.T.);
#3190 = ORIENTED_EDGE('',*,*,#3090,.F.);
#3191 = ORIENTED_EDGE('',*,*,#2766,.T.);
#3192 = FACE_BOUND('',#3193,.T.);
#3193 = EDGE_LOOP('',(#3194,#3204,#3213,#3221,#3230,#3238,#3247,#3255,
    #3264,#3272));
#3194 = ORIENTED_EDGE('',*,*,#3195,.F.);
#3195 = EDGE_CURVE('',#3196,#3198,#3200,.T.);
#3196 = VERTEX_POINT('',#3197);
#3197 = CARTESIAN_POINT('',(116.,54.,58.));
#3198 = VERTEX_POINT('',#3199);
#3199 = CARTESIAN_POINT('',(14.,54.,58.));
#3200 = LINE('',#3201,#3202);
#3201 = CARTESIAN_POINT('',(39.5,54.,58.));
#3202 = VECTOR('',#3203,1.);
#3203 = DIRECTION('',(-1.,0.,0.));
#3204 = ORIENTED_EDGE('',*,*,#3205,.T.);
#3205 = EDGE_CURVE('',#3196,#3206,#3208,.T.);
#3206 = VERTEX_POINT('',#3207);
#3207 = CARTESIAN_POINT('',(118.,54.,56.));
#3208 = CIRCLE('',#3209,2.);
#3209 = AXIS2_PLACEMENT_3D('',#3210,#3211,#3212);
#3210 = CARTESIAN_POINT('',(116.,54.,56.));
#3211 = DIRECTION('',(0.,1.,0.));
#3212 = DIRECTION('',(0.,0.,1.));
#3213 = ORIENTED_EDGE('',*,*,#3214,.F.);
#3214 = EDGE_CURVE('',#3215,#3206,#3217,.T.);
#3215 = VERTEX_POINT('',#3216);
#3216 = CARTESIAN_POINT('',(118.,54.,14.));
#3217 = LINE('',#3218,#3219);
#3218 = CARTESIAN_POINT('',(118.,54.,24.5));
#3219 = VECTOR('',#3220,1.);
#3220 = DIRECTION('',(0.,0.,1.));
#3221 = ORIENTED_EDGE('',*,*,#3222,.T.);
#3222 = EDGE_CURVE('',#3215,#3223,#3225,.T.);
#3223 = VERTEX_POINT('',#3224);
#3224 = CARTESIAN_POINT('',(116.,54.,12.));
#3225 = CIRCLE('',#3226,2.);
#3226 = AXIS2_PLACEMENT_3D('',#3227,#3228,#3229);
#3227 = CARTESIAN_POINT('',(116.,54.,14.));
#3228 = DIRECTION('',(0.,1.,0.));
#3229 = DIRECTION('',(0.,0.,1.));
#3230 = ORIENTED_EDGE('',*,*,#3231,.T.);
#3231 = EDGE_CURVE('',#3223,#3232,#3234,.T.);
#3232 = VERTEX_POINT('',#3233);
#3233 = CARTESIAN_POINT('',(75.662277660168,54.,12.));
#3234 = LINE('',#3235,#3236);
#3235 = CARTESIAN_POINT('',(39.5,54.,12.));
#3236 = VECTOR('',#3237,1.);
#3237 = DIRECTION('',(-1.,0.,0.));
#3238 = ORIENTED_EDGE('',*,*,#3239,.T.);
#3239 = EDGE_CURVE('',#3232,#3240,#3242,.T.);
#3240 = VERTEX_POINT('',#3241);
#3241 = CARTESIAN_POINT('',(69.337722339832,54.,12.));
#3242 = CIRCLE('',#3243,3.5);
#3243 = AXIS2_PLACEMENT_3D('',#3244,#3245,#3246);
#3244 = CARTESIAN_POINT('',(72.5,54.,13.5));
#3245 = DIRECTION('',(0.,1.,0.));
#3246 = DIRECTION('',(0.,0.,1.));
#3247 = ORIENTED_EDGE('',*,*,#3248,.T.);
#3248 = EDGE_CURVE('',#3240,#3249,#3251,.T.);
#3249 = VERTEX_POINT('',#3250);
#3250 = CARTESIAN_POINT('',(17.662277660168,54.,12.));
#3251 = LINE('',#3252,#3253);
#3252 = CARTESIAN_POINT('',(39.5,54.,12.));
#3253 = VECTOR('',#3254,1.);
#3254 = DIRECTION('',(-1.,0.,0.));
#3255 = ORIENTED_EDGE('',*,*,#3256,.T.);
#3256 = EDGE_CURVE('',#3249,#3257,#3259,.T.);
#3257 = VERTEX_POINT('',#3258);
#3258 = CARTESIAN_POINT('',(12.,54.,15.949489742783));
#3259 = CIRCLE('',#3260,3.5);
#3260 = AXIS2_PLACEMENT_3D('',#3261,#3262,#3263);
#3261 = CARTESIAN_POINT('',(14.5,54.,13.5));
#3262 = DIRECTION('',(0.,1.,0.));
#3263 = DIRECTION('',(0.,0.,1.));
#3264 = ORIENTED_EDGE('',*,*,#3265,.T.);
#3265 = EDGE_CURVE('',#3257,#3266,#3268,.T.);
#3266 = VERTEX_POINT('',#3267);
#3267 = CARTESIAN_POINT('',(12.,54.,56.));
#3268 = LINE('',#3269,#3270);
#3269 = CARTESIAN_POINT('',(12.,54.,24.5));
#3270 = VECTOR('',#3271,1.);
#3271 = DIRECTION('',(0.,0.,1.));
#3272 = ORIENTED_EDGE('',*,*,#3273,.T.);
#3273 = EDGE_CURVE('',#3266,#3198,#3274,.T.);
#3274 = CIRCLE('',#3275,2.);
#3275 = AXIS2_PLACEMENT_3D('',#3276,#3277,#3278);
#3276 = CARTESIAN_POINT('',(14.,54.,56.));
#3277 = DIRECTION('',(0.,1.,0.));
#3278 = DIRECTION('',(0.,0.,1.));
#3279 = PLANE('',#3280);
#3280 = AXIS2_PLACEMENT_3D('',#3281,#3282,#3283);
#3281 = CARTESIAN_POINT('',(65.,54.,35.));
#3282 = DIRECTION('',(-0.,-1.,-0.));
#3283 = DIRECTION('',(0.,0.,-1.));
#3284 = ADVANCED_FACE('',(#3285,#3288),#3299,.F.);
#3285 = FACE_BOUND('',#3286,.F.);
#3286 = EDGE_LOOP('',(#3287));
#3287 = ORIENTED_EDGE('',*,*,#2990,.T.);
#3288 = FACE_BOUND('',#3289,.F.);
#3289 = EDGE_LOOP('',(#3290));
#3290 = ORIENTED_EDGE('',*,*,#3291,.F.);
#3291 = EDGE_CURVE('',#3292,#3292,#3294,.T.);
#3292 = VERTEX_POINT('',#3293);
#3293 = CARTESIAN_POINT('',(72.5,53.8,64.1));
#3294 = CIRCLE('',#3295,1.6);
#3295 = AXIS2_PLACEMENT_3D('',#3296,#3297,#3298);
#3296 = CARTESIAN_POINT('',(72.5,53.8,62.5));
#3297 = DIRECTION('',(0.,1.,0.));
#3298 = DIRECTION('',(0.,0.,1.));
#3299 = PLANE('',#3300);
#3300 = AXIS2_PLACEMENT_3D('',#3301,#3302,#3303);
#3301 = CARTESIAN_POINT('',(72.5,53.8,62.5));
#3302 = DIRECTION('',(0.,1.,0.));
#3303 = DIRECTION('',(0.,0.,1.));
#3304 = ADVANCED_FACE('',(#3305,#3308),#3319,.F.);
#3305 = FACE_BOUND('',#3306,.F.);
#3306 = EDGE_LOOP('',(#3307));
#3307 = ORIENTED_EDGE('',*,*,#3056,.T.);
#3308 = FACE_BOUND('',#3309,.F.);
#3309 = EDGE_LOOP('',(#3310));
#3310 = ORIENTED_EDGE('',*,*,#3311,.F.);
#3311 = EDGE_CURVE('',#3312,#3312,#3314,.T.);
#3312 = VERTEX_POINT('',#3313);
#3313 = CARTESIAN_POINT('',(14.5,53.8,64.1));
#3314 = CIRCLE('',#3315,1.6);
#3315 = AXIS2_PLACEMENT_3D('',#3316,#3317,#3318);
#3316 = CARTESIAN_POINT('',(14.5,53.8,62.5));
#3317 = DIRECTION('',(0.,1.,0.));
#3318 = DIRECTION('',(0.,0.,1.));
#3319 = PLANE('',#3320);
#3320 = AXIS2_PLACEMENT_3D('',#3321,#3322,#3323);
#3321 = CARTESIAN_POINT('',(14.5,53.8,62.5));
#3322 = DIRECTION('',(0.,1.,0.));
#3323 = DIRECTION('',(0.,0.,1.));
#3324 = ADVANCED_FACE('',(#3325),#3350,.F.);
#3325 = FACE_BOUND('',#3326,.F.);
#3326 = EDGE_LOOP('',(#3327,#3335,#3336,#3344));
#3327 = ORIENTED_EDGE('',*,*,#3328,.F.);
#3328 = EDGE_CURVE('',#3198,#3329,#3331,.T.);
#3329 = VERTEX_POINT('',#3330);
#3330 = CARTESIAN_POINT('',(14.,56.,58.));
#3331 = LINE('',#3332,#3333);
#3332 = CARTESIAN_POINT('',(14.,53.8,58.));
#3333 = VECTOR('',#3334,1.);
#3334 = DIRECTION('',(0.,1.,0.));
#3335 = ORIENTED_EDGE('',*,*,#3195,.F.);
#3336 = ORIENTED_EDGE('',*,*,#3337,.T.);
#3337 = EDGE_CURVE('',#3196,#3338,#3340,.T.);
#3338 = VERTEX_POINT('',#3339);
#3339 = CARTESIAN_POINT('',(116.,56.,58.));
#3340 = LINE('',#3341,#3342);
#3341 = CARTESIAN_POINT('',(116.,53.8,58.));
#3342 = VECTOR('',#3343,1.);
#3343 = DIRECTION('',(0.,1.,0.));
#3344 = ORIENTED_EDGE('',*,*,#3345,.F.);
#3345 = EDGE_CURVE('',#3329,#3338,#3346,.T.);
#3346 = LINE('',#3347,#3348);
#3347 = CARTESIAN_POINT('',(39.5,56.,58.));
#3348 = VECTOR('',#3349,1.);
#3349 = DIRECTION('',(1.,0.,0.));
#3350 = PLANE('',#3351);
#3351 = AXIS2_PLACEMENT_3D('',#3352,#3353,#3354);
#3352 = CARTESIAN_POINT('',(14.,53.8,58.));
#3353 = DIRECTION('',(0.,0.,1.));
#3354 = DIRECTION('',(1.,0.,0.));
#3355 = ADVANCED_FACE('',(#3356),#3375,.F.);
#3356 = FACE_BOUND('',#3357,.F.);
#3357 = EDGE_LOOP('',(#3358,#3367,#3373,#3374));
#3358 = ORIENTED_EDGE('',*,*,#3359,.F.);
#3359 = EDGE_CURVE('',#3360,#3329,#3362,.T.);
#3360 = VERTEX_POINT('',#3361);
#3361 = CARTESIAN_POINT('',(12.,56.,56.));
#3362 = CIRCLE('',#3363,2.);
#3363 = AXIS2_PLACEMENT_3D('',#3364,#3365,#3366);
#3364 = CARTESIAN_POINT('',(14.,56.,56.));
#3365 = DIRECTION('',(0.,1.,0.));
#3366 = DIRECTION('',(0.,0.,1.));
#3367 = ORIENTED_EDGE('',*,*,#3368,.F.);
#3368 = EDGE_CURVE('',#3266,#3360,#3369,.T.);
#3369 = LINE('',#3370,#3371);
#3370 = CARTESIAN_POINT('',(12.,53.8,56.));
#3371 = VECTOR('',#3372,1.);
#3372 = DIRECTION('',(0.,1.,0.));
#3373 = ORIENTED_EDGE('',*,*,#3273,.T.);
#3374 = ORIENTED_EDGE('',*,*,#3328,.T.);
#3375 = CYLINDRICAL_SURFACE('',#3376,2.);
#3376 = AXIS2_PLACEMENT_3D('',#3377,#3378,#3379);
#3377 = CARTESIAN_POINT('',(14.,53.8,56.));
#3378 = DIRECTION('',(0.,1.,0.));
#3379 = DIRECTION('',(0.,0.,1.));
#3380 = ADVANCED_FACE('',(#3381),#3399,.T.);
#3381 = FACE_BOUND('',#3382,.T.);
#3382 = EDGE_LOOP('',(#3383,#3384,#3392,#3398));
#3383 = ORIENTED_EDGE('',*,*,#3265,.F.);
#3384 = ORIENTED_EDGE('',*,*,#3385,.T.);
#3385 = EDGE_CURVE('',#3257,#3386,#3388,.T.);
#3386 = VERTEX_POINT('',#3387);
#3387 = CARTESIAN_POINT('',(12.,56.,15.949489742783));
#3388 = LINE('',#3389,#3390);
#3389 = CARTESIAN_POINT('',(12.,53.8,15.949489742783));
#3390 = VECTOR('',#3391,1.);
#3391 = DIRECTION('',(0.,1.,0.));
#3392 = ORIENTED_EDGE('',*,*,#3393,.F.);
#3393 = EDGE_CURVE('',#3360,#3386,#3394,.T.);
#3394 = LINE('',#3395,#3396);
#3395 = CARTESIAN_POINT('',(12.,56.,24.5));
#3396 = VECTOR('',#3397,1.);
#3397 = DIRECTION('',(0.,0.,-1.));
#3398 = ORIENTED_EDGE('',*,*,#3368,.F.);
#3399 = PLANE('',#3400);
#3400 = AXIS2_PLACEMENT_3D('',#3401,#3402,#3403);
#3401 = CARTESIAN_POINT('',(12.,53.8,14.));
#3402 = DIRECTION('',(1.,0.,0.));
#3403 = DIRECTION('',(0.,0.,1.));
#3404 = ADVANCED_FACE('',(#3405),#3449,.T.);
#3405 = FACE_BOUND('',#3406,.T.);
#3406 = EDGE_LOOP('',(#3407,#3418,#3426,#3433,#3434,#3441,#3442,#3443));
#3407 = ORIENTED_EDGE('',*,*,#3408,.F.);
#3408 = EDGE_CURVE('',#3409,#3411,#3413,.T.);
#3409 = VERTEX_POINT('',#3410);
#3410 = CARTESIAN_POINT('',(14.5,56.,17.));
#3411 = VERTEX_POINT('',#3412);
#3412 = CARTESIAN_POINT('',(17.662277660168,56.,12.));
#3413 = CIRCLE('',#3414,3.5);
#3414 = AXIS2_PLACEMENT_3D('',#3415,#3416,#3417);
#3415 = CARTESIAN_POINT('',(14.5,56.,13.5));
#3416 = DIRECTION('',(0.,1.,0.));
#3417 = DIRECTION('',(0.,0.,1.));
#3418 = ORIENTED_EDGE('',*,*,#3419,.F.);
#3419 = EDGE_CURVE('',#3420,#3409,#3422,.T.);
#3420 = VERTEX_POINT('',#3421);
#3421 = CARTESIAN_POINT('',(14.5,53.8,17.));
#3422 = LINE('',#3423,#3424);
#3423 = CARTESIAN_POINT('',(14.5,53.8,17.));
#3424 = VECTOR('',#3425,1.);
#3425 = DIRECTION('',(0.,1.,0.));
#3426 = ORIENTED_EDGE('',*,*,#3427,.T.);
#3427 = EDGE_CURVE('',#3420,#3420,#3428,.T.);
#3428 = CIRCLE('',#3429,3.5);
#3429 = AXIS2_PLACEMENT_3D('',#3430,#3431,#3432);
#3430 = CARTESIAN_POINT('',(14.5,53.8,13.5));
#3431 = DIRECTION('',(0.,1.,0.));
#3432 = DIRECTION('',(0.,0.,1.));
#3433 = ORIENTED_EDGE('',*,*,#3419,.T.);
#3434 = ORIENTED_EDGE('',*,*,#3435,.F.);
#3435 = EDGE_CURVE('',#3386,#3409,#3436,.T.);
#3436 = CIRCLE('',#3437,3.5);
#3437 = AXIS2_PLACEMENT_3D('',#3438,#3439,#3440);
#3438 = CARTESIAN_POINT('',(14.5,56.,13.5));
#3439 = DIRECTION('',(0.,1.,0.));
#3440 = DIRECTION('',(0.,0.,1.));
#3441 = ORIENTED_EDGE('',*,*,#3385,.F.);
#3442 = ORIENTED_EDGE('',*,*,#3256,.F.);
#3443 = ORIENTED_EDGE('',*,*,#3444,.T.);
#3444 = EDGE_CURVE('',#3249,#3411,#3445,.T.);
#3445 = LINE('',#3446,#3447);
#3446 = CARTESIAN_POINT('',(17.662277660168,53.8,12.));
#3447 = VECTOR('',#3448,1.);
#3448 = DIRECTION('',(0.,1.,0.));
#3449 = CYLINDRICAL_SURFACE('',#3450,3.5);
#3450 = AXIS2_PLACEMENT_3D('',#3451,#3452,#3453);
#3451 = CARTESIAN_POINT('',(14.5,53.8,13.5));
#3452 = DIRECTION('',(0.,1.,0.));
#3453 = DIRECTION('',(0.,0.,1.));
#3454 = ADVANCED_FACE('',(#3455),#3473,.T.);
#3455 = FACE_BOUND('',#3456,.T.);
#3456 = EDGE_LOOP('',(#3457,#3458,#3459,#3467));
#3457 = ORIENTED_EDGE('',*,*,#3444,.F.);
#3458 = ORIENTED_EDGE('',*,*,#3248,.F.);
#3459 = ORIENTED_EDGE('',*,*,#3460,.T.);
#3460 = EDGE_CURVE('',#3240,#3461,#3463,.T.);
#3461 = VERTEX_POINT('',#3462);
#3462 = CARTESIAN_POINT('',(69.337722339832,56.,12.));
#3463 = LINE('',#3464,#3465);
#3464 = CARTESIAN_POINT('',(69.337722339832,53.8,12.));
#3465 = VECTOR('',#3466,1.);
#3466 = DIRECTION('',(0.,1.,0.));
#3467 = ORIENTED_EDGE('',*,*,#3468,.F.);
#3468 = EDGE_CURVE('',#3411,#3461,#3469,.T.);
#3469 = LINE('',#3470,#3471);
#3470 = CARTESIAN_POINT('',(39.5,56.,12.));
#3471 = VECTOR('',#3472,1.);
#3472 = DIRECTION('',(1.,0.,0.));
#3473 = PLANE('',#3474);
#3474 = AXIS2_PLACEMENT_3D('',#3475,#3476,#3477);
#3475 = CARTESIAN_POINT('',(14.,53.8,12.));
#3476 = DIRECTION('',(0.,0.,1.));
#3477 = DIRECTION('',(1.,0.,0.));
#3478 = ADVANCED_FACE('',(#3479),#3523,.T.);
#3479 = FACE_BOUND('',#3480,.T.);
#3480 = EDGE_LOOP('',(#3481,#3492,#3500,#3507,#3508,#3515,#3516,#3517));
#3481 = ORIENTED_EDGE('',*,*,#3482,.F.);
#3482 = EDGE_CURVE('',#3483,#3485,#3487,.T.);
#3483 = VERTEX_POINT('',#3484);
#3484 = CARTESIAN_POINT('',(72.5,56.,17.));
#3485 = VERTEX_POINT('',#3486);
#3486 = CARTESIAN_POINT('',(75.662277660168,56.,12.));
#3487 = CIRCLE('',#3488,3.5);
#3488 = AXIS2_PLACEMENT_3D('',#3489,#3490,#3491);
#3489 = CARTESIAN_POINT('',(72.5,56.,13.5));
#3490 = DIRECTION('',(0.,1.,0.));
#3491 = DIRECTION('',(0.,0.,1.));
#3492 = ORIENTED_EDGE('',*,*,#3493,.F.);
#3493 = EDGE_CURVE('',#3494,#3483,#3496,.T.);
#3494 = VERTEX_POINT('',#3495);
#3495 = CARTESIAN_POINT('',(72.5,53.8,17.));
#3496 = LINE('',#3497,#3498);
#3497 = CARTESIAN_POINT('',(72.5,53.8,17.));
#3498 = VECTOR('',#3499,1.);
#3499 = DIRECTION('',(0.,1.,0.));
#3500 = ORIENTED_EDGE('',*,*,#3501,.T.);
#3501 = EDGE_CURVE('',#3494,#3494,#3502,.T.);
#3502 = CIRCLE('',#3503,3.5);
#3503 = AXIS2_PLACEMENT_3D('',#3504,#3505,#3506);
#3504 = CARTESIAN_POINT('',(72.5,53.8,13.5));
#3505 = DIRECTION('',(0.,1.,0.));
#3506 = DIRECTION('',(0.,0.,1.));
#3507 = ORIENTED_EDGE('',*,*,#3493,.T.);
#3508 = ORIENTED_EDGE('',*,*,#3509,.F.);
#3509 = EDGE_CURVE('',#3461,#3483,#3510,.T.);
#3510 = CIRCLE('',#3511,3.5);
#3511 = AXIS2_PLACEMENT_3D('',#3512,#3513,#3514);
#3512 = CARTESIAN_POINT('',(72.5,56.,13.5));
#3513 = DIRECTION('',(0.,1.,0.));
#3514 = DIRECTION('',(0.,0.,1.));
#3515 = ORIENTED_EDGE('',*,*,#3460,.F.);
#3516 = ORIENTED_EDGE('',*,*,#3239,.F.);
#3517 = ORIENTED_EDGE('',*,*,#3518,.T.);
#3518 = EDGE_CURVE('',#3232,#3485,#3519,.T.);
#3519 = LINE('',#3520,#3521);
#3520 = CARTESIAN_POINT('',(75.662277660168,53.8,12.));
#3521 = VECTOR('',#3522,1.);
#3522 = DIRECTION('',(0.,1.,0.));
#3523 = CYLINDRICAL_SURFACE('',#3524,3.5);
#3524 = AXIS2_PLACEMENT_3D('',#3525,#3526,#3527);
#3525 = CARTESIAN_POINT('',(72.5,53.8,13.5));
#3526 = DIRECTION('',(0.,1.,0.));
#3527 = DIRECTION('',(0.,0.,1.));
#3528 = ADVANCED_FACE('',(#3529),#3547,.T.);
#3529 = FACE_BOUND('',#3530,.T.);
#3530 = EDGE_LOOP('',(#3531,#3532,#3533,#3541));
#3531 = ORIENTED_EDGE('',*,*,#3518,.F.);
#3532 = ORIENTED_EDGE('',*,*,#3231,.F.);
#3533 = ORIENTED_EDGE('',*,*,#3534,.T.);
#3534 = EDGE_CURVE('',#3223,#3535,#3537,.T.);
#3535 = VERTEX_POINT('',#3536);
#3536 = CARTESIAN_POINT('',(116.,56.,12.));
#3537 = LINE('',#3538,#3539);
#3538 = CARTESIAN_POINT('',(116.,53.8,12.));
#3539 = VECTOR('',#3540,1.);
#3540 = DIRECTION('',(0.,1.,0.));
#3541 = ORIENTED_EDGE('',*,*,#3542,.F.);
#3542 = EDGE_CURVE('',#3485,#3535,#3543,.T.);
#3543 = LINE('',#3544,#3545);
#3544 = CARTESIAN_POINT('',(39.5,56.,12.));
#3545 = VECTOR('',#3546,1.);
#3546 = DIRECTION('',(1.,0.,0.));
#3547 = PLANE('',#3548);
#3548 = AXIS2_PLACEMENT_3D('',#3549,#3550,#3551);
#3549 = CARTESIAN_POINT('',(14.,53.8,12.));
#3550 = DIRECTION('',(0.,0.,1.));
#3551 = DIRECTION('',(1.,0.,0.));
#3552 = ADVANCED_FACE('',(#3553),#3572,.F.);
#3553 = FACE_BOUND('',#3554,.F.);
#3554 = EDGE_LOOP('',(#3555,#3564,#3570,#3571));
#3555 = ORIENTED_EDGE('',*,*,#3556,.F.);
#3556 = EDGE_CURVE('',#3557,#3535,#3559,.T.);
#3557 = VERTEX_POINT('',#3558);
#3558 = CARTESIAN_POINT('',(118.,56.,14.));
#3559 = CIRCLE('',#3560,2.);
#3560 = AXIS2_PLACEMENT_3D('',#3561,#3562,#3563);
#3561 = CARTESIAN_POINT('',(116.,56.,14.));
#3562 = DIRECTION('',(0.,1.,0.));
#3563 = DIRECTION('',(0.,0.,1.));
#3564 = ORIENTED_EDGE('',*,*,#3565,.F.);
#3565 = EDGE_CURVE('',#3215,#3557,#3566,.T.);
#3566 = LINE('',#3567,#3568);
#3567 = CARTESIAN_POINT('',(118.,53.8,14.));
#3568 = VECTOR('',#3569,1.);
#3569 = DIRECTION('',(0.,1.,0.));
#3570 = ORIENTED_EDGE('',*,*,#3222,.T.);
#3571 = ORIENTED_EDGE('',*,*,#3534,.T.);
#3572 = CYLINDRICAL_SURFACE('',#3573,2.);
#3573 = AXIS2_PLACEMENT_3D('',#3574,#3575,#3576);
#3574 = CARTESIAN_POINT('',(116.,53.8,14.));
#3575 = DIRECTION('',(0.,1.,0.));
#3576 = DIRECTION('',(0.,0.,1.));
#3577 = ADVANCED_FACE('',(#3578),#3596,.F.);
#3578 = FACE_BOUND('',#3579,.F.);
#3579 = EDGE_LOOP('',(#3580,#3581,#3582,#3590));
#3580 = ORIENTED_EDGE('',*,*,#3214,.F.);
#3581 = ORIENTED_EDGE('',*,*,#3565,.T.);
#3582 = ORIENTED_EDGE('',*,*,#3583,.F.);
#3583 = EDGE_CURVE('',#3584,#3557,#3586,.T.);
#3584 = VERTEX_POINT('',#3585);
#3585 = CARTESIAN_POINT('',(118.,56.,56.));
#3586 = LINE('',#3587,#3588);
#3587 = CARTESIAN_POINT('',(118.,56.,24.5));
#3588 = VECTOR('',#3589,1.);
#3589 = DIRECTION('',(0.,0.,-1.));
#3590 = ORIENTED_EDGE('',*,*,#3591,.F.);
#3591 = EDGE_CURVE('',#3206,#3584,#3592,.T.);
#3592 = LINE('',#3593,#3594);
#3593 = CARTESIAN_POINT('',(118.,53.8,56.));
#3594 = VECTOR('',#3595,1.);
#3595 = DIRECTION('',(0.,1.,0.));
#3596 = PLANE('',#3597);
#3597 = AXIS2_PLACEMENT_3D('',#3598,#3599,#3600);
#3598 = CARTESIAN_POINT('',(118.,53.8,14.));
#3599 = DIRECTION('',(1.,0.,0.));
#3600 = DIRECTION('',(0.,0.,1.));
#3601 = ADVANCED_FACE('',(#3602),#3614,.F.);
#3602 = FACE_BOUND('',#3603,.F.);
#3603 = EDGE_LOOP('',(#3604,#3611,#3612,#3613));
#3604 = ORIENTED_EDGE('',*,*,#3605,.F.);
#3605 = EDGE_CURVE('',#3338,#3584,#3606,.T.);
#3606 = CIRCLE('',#3607,2.);
#3607 = AXIS2_PLACEMENT_3D('',#3608,#3609,#3610);
#3608 = CARTESIAN_POINT('',(116.,56.,56.));
#3609 = DIRECTION('',(0.,1.,0.));
#3610 = DIRECTION('',(0.,0.,1.));
#3611 = ORIENTED_EDGE('',*,*,#3337,.F.);
#3612 = ORIENTED_EDGE('',*,*,#3205,.T.);
#3613 = ORIENTED_EDGE('',*,*,#3591,.T.);
#3614 = CYLINDRICAL_SURFACE('',#3615,2.);
#3615 = AXIS2_PLACEMENT_3D('',#3616,#3617,#3618);
#3616 = CARTESIAN_POINT('',(116.,53.8,56.));
#3617 = DIRECTION('',(0.,1.,0.));
#3618 = DIRECTION('',(0.,0.,1.));
#3619 = ADVANCED_FACE('',(#3620),#3639,.F.);
#3620 = FACE_BOUND('',#3621,.F.);
#3621 = EDGE_LOOP('',(#3622,#3631,#3637,#3638));
#3622 = ORIENTED_EDGE('',*,*,#3623,.F.);
#3623 = EDGE_CURVE('',#3624,#3624,#3626,.T.);
#3624 = VERTEX_POINT('',#3625);
#3625 = CARTESIAN_POINT('',(72.5,54.4,64.1));
#3626 = CIRCLE('',#3627,1.6);
#3627 = AXIS2_PLACEMENT_3D('',#3628,#3629,#3630);
#3628 = CARTESIAN_POINT('',(72.5,54.4,62.5));
#3629 = DIRECTION('',(0.,1.,0.));
#3630 = DIRECTION('',(0.,0.,1.));
#3631 = ORIENTED_EDGE('',*,*,#3632,.F.);
#3632 = EDGE_CURVE('',#3292,#3624,#3633,.T.);
#3633 = LINE('',#3634,#3635);
#3634 = CARTESIAN_POINT('',(72.5,53.8,64.1));
#3635 = VECTOR('',#3636,1.);
#3636 = DIRECTION('',(0.,1.,0.));
#3637 = ORIENTED_EDGE('',*,*,#3291,.T.);
#3638 = ORIENTED_EDGE('',*,*,#3632,.T.);
#3639 = CYLINDRICAL_SURFACE('',#3640,1.6);
#3640 = AXIS2_PLACEMENT_3D('',#3641,#3642,#3643);
#3641 = CARTESIAN_POINT('',(72.5,53.8,62.5));
#3642 = DIRECTION('',(0.,1.,0.));
#3643 = DIRECTION('',(0.,0.,1.));
#3644 = ADVANCED_FACE('',(#3645),#3664,.F.);
#3645 = FACE_BOUND('',#3646,.F.);
#3646 = EDGE_LOOP('',(#3647,#3656,#3662,#3663));
#3647 = ORIENTED_EDGE('',*,*,#3648,.F.);
#3648 = EDGE_CURVE('',#3649,#3649,#3651,.T.);
#3649 = VERTEX_POINT('',#3650);
#3650 = CARTESIAN_POINT('',(14.5,54.4,64.1));
#3651 = CIRCLE('',#3652,1.6);
#3652 = AXIS2_PLACEMENT_3D('',#3653,#3654,#3655);
#3653 = CARTESIAN_POINT('',(14.5,54.4,62.5));
#3654 = DIRECTION('',(0.,1.,0.));
#3655 = DIRECTION('',(0.,0.,1.));
#3656 = ORIENTED_EDGE('',*,*,#3657,.F.);
#3657 = EDGE_CURVE('',#3312,#3649,#3658,.T.);
#3658 = LINE('',#3659,#3660);
#3659 = CARTESIAN_POINT('',(14.5,53.8,64.1));
#3660 = VECTOR('',#3661,1.);
#3661 = DIRECTION('',(0.,1.,0.));
#3662 = ORIENTED_EDGE('',*,*,#3311,.T.);
#3663 = ORIENTED_EDGE('',*,*,#3657,.T.);
#3664 = CYLINDRICAL_SURFACE('',#3665,1.6);
#3665 = AXIS2_PLACEMENT_3D('',#3666,#3667,#3668);
#3666 = CARTESIAN_POINT('',(14.5,53.8,62.5));
#3667 = DIRECTION('',(0.,1.,0.));
#3668 = DIRECTION('',(0.,0.,1.));
#3669 = ADVANCED_FACE('',(#3670),#3684,.T.);
#3670 = FACE_BOUND('',#3671,.T.);
#3671 = EDGE_LOOP('',(#3672,#3673,#3674,#3675,#3676,#3677,#3678,#3679,
    #3680,#3681,#3682,#3683));
#3672 = ORIENTED_EDGE('',*,*,#3345,.F.);
#3673 = ORIENTED_EDGE('',*,*,#3359,.F.);
#3674 = ORIENTED_EDGE('',*,*,#3393,.T.);
#3675 = ORIENTED_EDGE('',*,*,#3435,.T.);
#3676 = ORIENTED_EDGE('',*,*,#3408,.T.);
#3677 = ORIENTED_EDGE('',*,*,#3468,.T.);
#3678 = ORIENTED_EDGE('',*,*,#3509,.T.);
#3679 = ORIENTED_EDGE('',*,*,#3482,.T.);
#3680 = ORIENTED_EDGE('',*,*,#3542,.T.);
#3681 = ORIENTED_EDGE('',*,*,#3556,.F.);
#3682 = ORIENTED_EDGE('',*,*,#3583,.F.);
#3683 = ORIENTED_EDGE('',*,*,#3605,.F.);
#3684 = PLANE('',#3685);
#3685 = AXIS2_PLACEMENT_3D('',#3686,#3687,#3688);
#3686 = CARTESIAN_POINT('',(65.,56.,35.));
#3687 = DIRECTION('',(-0.,-1.,-0.));
#3688 = DIRECTION('',(0.,0.,-1.));
#3689 = ADVANCED_FACE('',(#3690,#3693),#3704,.F.);
#3690 = FACE_BOUND('',#3691,.F.);
#3691 = EDGE_LOOP('',(#3692));
#3692 = ORIENTED_EDGE('',*,*,#3427,.T.);
#3693 = FACE_BOUND('',#3694,.F.);
#3694 = EDGE_LOOP('',(#3695));
#3695 = ORIENTED_EDGE('',*,*,#3696,.F.);
#3696 = EDGE_CURVE('',#3697,#3697,#3699,.T.);
#3697 = VERTEX_POINT('',#3698);
#3698 = CARTESIAN_POINT('',(14.5,53.8,15.1));
#3699 = CIRCLE('',#3700,1.6);
#3700 = AXIS2_PLACEMENT_3D('',#3701,#3702,#3703);
#3701 = CARTESIAN_POINT('',(14.5,53.8,13.5));
#3702 = DIRECTION('',(0.,1.,0.));
#3703 = DIRECTION('',(0.,0.,1.));
#3704 = PLANE('',#3705);
#3705 = AXIS2_PLACEMENT_3D('',#3706,#3707,#3708);
#3706 = CARTESIAN_POINT('',(14.5,53.8,13.5));
#3707 = DIRECTION('',(0.,1.,0.));
#3708 = DIRECTION('',(0.,0.,1.));
#3709 = ADVANCED_FACE('',(#3710,#3713),#3724,.F.);
#3710 = FACE_BOUND('',#3711,.F.);
#3711 = EDGE_LOOP('',(#3712));
#3712 = ORIENTED_EDGE('',*,*,#3501,.T.);
#3713 = FACE_BOUND('',#3714,.F.);
#3714 = EDGE_LOOP('',(#3715));
#3715 = ORIENTED_EDGE('',*,*,#3716,.F.);
#3716 = EDGE_CURVE('',#3717,#3717,#3719,.T.);
#3717 = VERTEX_POINT('',#3718);
#3718 = CARTESIAN_POINT('',(72.5,53.8,15.1));
#3719 = CIRCLE('',#3720,1.6);
#3720 = AXIS2_PLACEMENT_3D('',#3721,#3722,#3723);
#3721 = CARTESIAN_POINT('',(72.5,53.8,13.5));
#3722 = DIRECTION('',(0.,1.,0.));
#3723 = DIRECTION('',(0.,0.,1.));
#3724 = PLANE('',#3725);
#3725 = AXIS2_PLACEMENT_3D('',#3726,#3727,#3728);
#3726 = CARTESIAN_POINT('',(72.5,53.8,13.5));
#3727 = DIRECTION('',(0.,1.,0.));
#3728 = DIRECTION('',(0.,0.,1.));
#3729 = ADVANCED_FACE('',(#3730,#3733),#3744,.F.);
#3730 = FACE_BOUND('',#3731,.F.);
#3731 = EDGE_LOOP('',(#3732));
#3732 = ORIENTED_EDGE('',*,*,#3623,.T.);
#3733 = FACE_BOUND('',#3734,.F.);
#3734 = EDGE_LOOP('',(#3735));
#3735 = ORIENTED_EDGE('',*,*,#3736,.F.);
#3736 = EDGE_CURVE('',#3737,#3737,#3739,.T.);
#3737 = VERTEX_POINT('',#3738);
#3738 = CARTESIAN_POINT('',(72.5,54.4,64.));
#3739 = CIRCLE('',#3740,1.5);
#3740 = AXIS2_PLACEMENT_3D('',#3741,#3742,#3743);
#3741 = CARTESIAN_POINT('',(72.5,54.4,62.5));
#3742 = DIRECTION('',(0.,1.,0.));
#3743 = DIRECTION('',(0.,0.,1.));
#3744 = PLANE('',#3745);
#3745 = AXIS2_PLACEMENT_3D('',#3746,#3747,#3748);
#3746 = CARTESIAN_POINT('',(72.5,54.4,62.5));
#3747 = DIRECTION('',(0.,1.,0.));
#3748 = DIRECTION('',(0.,0.,1.));
#3749 = ADVANCED_FACE('',(#3750,#3753),#3764,.F.);
#3750 = FACE_BOUND('',#3751,.F.);
#3751 = EDGE_LOOP('',(#3752));
#3752 = ORIENTED_EDGE('',*,*,#3648,.T.);
#3753 = FACE_BOUND('',#3754,.F.);
#3754 = EDGE_LOOP('',(#3755));
#3755 = ORIENTED_EDGE('',*,*,#3756,.F.);
#3756 = EDGE_CURVE('',#3757,#3757,#3759,.T.);
#3757 = VERTEX_POINT('',#3758);
#3758 = CARTESIAN_POINT('',(14.5,54.4,64.));
#3759 = CIRCLE('',#3760,1.5);
#3760 = AXIS2_PLACEMENT_3D('',#3761,#3762,#3763);
#3761 = CARTESIAN_POINT('',(14.5,54.4,62.5));
#3762 = DIRECTION('',(0.,1.,0.));
#3763 = DIRECTION('',(0.,0.,1.));
#3764 = PLANE('',#3765);
#3765 = AXIS2_PLACEMENT_3D('',#3766,#3767,#3768);
#3766 = CARTESIAN_POINT('',(14.5,54.4,62.5));
#3767 = DIRECTION('',(0.,1.,0.));
#3768 = DIRECTION('',(0.,0.,1.));
#3769 = ADVANCED_FACE('',(#3770),#3789,.F.);
#3770 = FACE_BOUND('',#3771,.F.);
#3771 = EDGE_LOOP('',(#3772,#3781,#3787,#3788));
#3772 = ORIENTED_EDGE('',*,*,#3773,.F.);
#3773 = EDGE_CURVE('',#3774,#3774,#3776,.T.);
#3774 = VERTEX_POINT('',#3775);
#3775 = CARTESIAN_POINT('',(14.5,54.4,15.1));
#3776 = CIRCLE('',#3777,1.6);
#3777 = AXIS2_PLACEMENT_3D('',#3778,#3779,#3780);
#3778 = CARTESIAN_POINT('',(14.5,54.4,13.5));
#3779 = DIRECTION('',(0.,1.,0.));
#3780 = DIRECTION('',(0.,0.,1.));
#3781 = ORIENTED_EDGE('',*,*,#3782,.F.);
#3782 = EDGE_CURVE('',#3697,#3774,#3783,.T.);
#3783 = LINE('',#3784,#3785);
#3784 = CARTESIAN_POINT('',(14.5,53.8,15.1));
#3785 = VECTOR('',#3786,1.);
#3786 = DIRECTION('',(0.,1.,0.));
#3787 = ORIENTED_EDGE('',*,*,#3696,.T.);
#3788 = ORIENTED_EDGE('',*,*,#3782,.T.);
#3789 = CYLINDRICAL_SURFACE('',#3790,1.6);
#3790 = AXIS2_PLACEMENT_3D('',#3791,#3792,#3793);
#3791 = CARTESIAN_POINT('',(14.5,53.8,13.5));
#3792 = DIRECTION('',(0.,1.,0.));
#3793 = DIRECTION('',(0.,0.,1.));
#3794 = ADVANCED_FACE('',(#3795),#3814,.F.);
#3795 = FACE_BOUND('',#3796,.F.);
#3796 = EDGE_LOOP('',(#3797,#3806,#3812,#3813));
#3797 = ORIENTED_EDGE('',*,*,#3798,.F.);
#3798 = EDGE_CURVE('',#3799,#3799,#3801,.T.);
#3799 = VERTEX_POINT('',#3800);
#3800 = CARTESIAN_POINT('',(72.5,54.4,15.1));
#3801 = CIRCLE('',#3802,1.6);
#3802 = AXIS2_PLACEMENT_3D('',#3803,#3804,#3805);
#3803 = CARTESIAN_POINT('',(72.5,54.4,13.5));
#3804 = DIRECTION('',(0.,1.,0.));
#3805 = DIRECTION('',(0.,0.,1.));
#3806 = ORIENTED_EDGE('',*,*,#3807,.F.);
#3807 = EDGE_CURVE('',#3717,#3799,#3808,.T.);
#3808 = LINE('',#3809,#3810);
#3809 = CARTESIAN_POINT('',(72.5,53.8,15.1));
#3810 = VECTOR('',#3811,1.);
#3811 = DIRECTION('',(0.,1.,0.));
#3812 = ORIENTED_EDGE('',*,*,#3716,.T.);
#3813 = ORIENTED_EDGE('',*,*,#3807,.T.);
#3814 = CYLINDRICAL_SURFACE('',#3815,1.6);
#3815 = AXIS2_PLACEMENT_3D('',#3816,#3817,#3818);
#3816 = CARTESIAN_POINT('',(72.5,53.8,13.5));
#3817 = DIRECTION('',(0.,1.,0.));
#3818 = DIRECTION('',(0.,0.,1.));
#3819 = ADVANCED_FACE('',(#3820),#3839,.F.);
#3820 = FACE_BOUND('',#3821,.F.);
#3821 = EDGE_LOOP('',(#3822,#3830,#3837,#3838));
#3822 = ORIENTED_EDGE('',*,*,#3823,.T.);
#3823 = EDGE_CURVE('',#3737,#3824,#3826,.T.);
#3824 = VERTEX_POINT('',#3825);
#3825 = CARTESIAN_POINT('',(72.5,57.8,64.));
#3826 = LINE('',#3827,#3828);
#3827 = CARTESIAN_POINT('',(72.5,53.8,64.));
#3828 = VECTOR('',#3829,1.);
#3829 = DIRECTION('',(0.,1.,0.));
#3830 = ORIENTED_EDGE('',*,*,#3831,.F.);
#3831 = EDGE_CURVE('',#3824,#3824,#3832,.T.);
#3832 = CIRCLE('',#3833,1.5);
#3833 = AXIS2_PLACEMENT_3D('',#3834,#3835,#3836);
#3834 = CARTESIAN_POINT('',(72.5,57.8,62.5));
#3835 = DIRECTION('',(0.,1.,0.));
#3836 = DIRECTION('',(0.,0.,1.));
#3837 = ORIENTED_EDGE('',*,*,#3823,.F.);
#3838 = ORIENTED_EDGE('',*,*,#3736,.T.);
#3839 = CYLINDRICAL_SURFACE('',#3840,1.5);
#3840 = AXIS2_PLACEMENT_3D('',#3841,#3842,#3843);
#3841 = CARTESIAN_POINT('',(72.5,53.8,62.5));
#3842 = DIRECTION('',(0.,1.,0.));
#3843 = DIRECTION('',(0.,0.,1.));
#3844 = ADVANCED_FACE('',(#3845),#3864,.F.);
#3845 = FACE_BOUND('',#3846,.F.);
#3846 = EDGE_LOOP('',(#3847,#3855,#3862,#3863));
#3847 = ORIENTED_EDGE('',*,*,#3848,.T.);
#3848 = EDGE_CURVE('',#3757,#3849,#3851,.T.);
#3849 = VERTEX_POINT('',#3850);
#3850 = CARTESIAN_POINT('',(14.5,57.8,64.));
#3851 = LINE('',#3852,#3853);
#3852 = CARTESIAN_POINT('',(14.5,53.8,64.));
#3853 = VECTOR('',#3854,1.);
#3854 = DIRECTION('',(0.,1.,0.));
#3855 = ORIENTED_EDGE('',*,*,#3856,.F.);
#3856 = EDGE_CURVE('',#3849,#3849,#3857,.T.);
#3857 = CIRCLE('',#3858,1.5);
#3858 = AXIS2_PLACEMENT_3D('',#3859,#3860,#3861);
#3859 = CARTESIAN_POINT('',(14.5,57.8,62.5));
#3860 = DIRECTION('',(0.,1.,0.));
#3861 = DIRECTION('',(0.,0.,1.));
#3862 = ORIENTED_EDGE('',*,*,#3848,.F.);
#3863 = ORIENTED_EDGE('',*,*,#3756,.T.);
#3864 = CYLINDRICAL_SURFACE('',#3865,1.5);
#3865 = AXIS2_PLACEMENT_3D('',#3866,#3867,#3868);
#3866 = CARTESIAN_POINT('',(14.5,53.8,62.5));
#3867 = DIRECTION('',(0.,1.,0.));
#3868 = DIRECTION('',(0.,0.,1.));
#3869 = ADVANCED_FACE('',(#3870,#3873),#3884,.F.);
#3870 = FACE_BOUND('',#3871,.F.);
#3871 = EDGE_LOOP('',(#3872));
#3872 = ORIENTED_EDGE('',*,*,#3773,.T.);
#3873 = FACE_BOUND('',#3874,.F.);
#3874 = EDGE_LOOP('',(#3875));
#3875 = ORIENTED_EDGE('',*,*,#3876,.F.);
#3876 = EDGE_CURVE('',#3877,#3877,#3879,.T.);
#3877 = VERTEX_POINT('',#3878);
#3878 = CARTESIAN_POINT('',(14.5,54.4,15.));
#3879 = CIRCLE('',#3880,1.5);
#3880 = AXIS2_PLACEMENT_3D('',#3881,#3882,#3883);
#3881 = CARTESIAN_POINT('',(14.5,54.4,13.5));
#3882 = DIRECTION('',(0.,1.,0.));
#3883 = DIRECTION('',(0.,0.,1.));
#3884 = PLANE('',#3885);
#3885 = AXIS2_PLACEMENT_3D('',#3886,#3887,#3888);
#3886 = CARTESIAN_POINT('',(14.5,54.4,13.5));
#3887 = DIRECTION('',(0.,1.,0.));
#3888 = DIRECTION('',(0.,0.,1.));
#3889 = ADVANCED_FACE('',(#3890,#3893),#3904,.F.);
#3890 = FACE_BOUND('',#3891,.F.);
#3891 = EDGE_LOOP('',(#3892));
#3892 = ORIENTED_EDGE('',*,*,#3798,.T.);
#3893 = FACE_BOUND('',#3894,.F.);
#3894 = EDGE_LOOP('',(#3895));
#3895 = ORIENTED_EDGE('',*,*,#3896,.F.);
#3896 = EDGE_CURVE('',#3897,#3897,#3899,.T.);
#3897 = VERTEX_POINT('',#3898);
#3898 = CARTESIAN_POINT('',(72.5,54.4,15.));
#3899 = CIRCLE('',#3900,1.5);
#3900 = AXIS2_PLACEMENT_3D('',#3901,#3902,#3903);
#3901 = CARTESIAN_POINT('',(72.5,54.4,13.5));
#3902 = DIRECTION('',(0.,1.,0.));
#3903 = DIRECTION('',(0.,0.,1.));
#3904 = PLANE('',#3905);
#3905 = AXIS2_PLACEMENT_3D('',#3906,#3907,#3908);
#3906 = CARTESIAN_POINT('',(72.5,54.4,13.5));
#3907 = DIRECTION('',(0.,1.,0.));
#3908 = DIRECTION('',(0.,0.,1.));
#3909 = ADVANCED_FACE('',(#3910),#3913,.F.);
#3910 = FACE_BOUND('',#3911,.F.);
#3911 = EDGE_LOOP('',(#3912));
#3912 = ORIENTED_EDGE('',*,*,#3831,.T.);
#3913 = PLANE('',#3914);
#3914 = AXIS2_PLACEMENT_3D('',#3915,#3916,#3917);
#3915 = CARTESIAN_POINT('',(72.5,57.8,62.5));
#3916 = DIRECTION('',(0.,1.,0.));
#3917 = DIRECTION('',(0.,0.,1.));
#3918 = ADVANCED_FACE('',(#3919),#3922,.F.);
#3919 = FACE_BOUND('',#3920,.F.);
#3920 = EDGE_LOOP('',(#3921));
#3921 = ORIENTED_EDGE('',*,*,#3856,.T.);
#3922 = PLANE('',#3923);
#3923 = AXIS2_PLACEMENT_3D('',#3924,#3925,#3926);
#3924 = CARTESIAN_POINT('',(14.5,57.8,62.5));
#3925 = DIRECTION('',(0.,1.,0.));
#3926 = DIRECTION('',(0.,0.,1.));
#3927 = ADVANCED_FACE('',(#3928),#3947,.F.);
#3928 = FACE_BOUND('',#3929,.F.);
#3929 = EDGE_LOOP('',(#3930,#3938,#3945,#3946));
#3930 = ORIENTED_EDGE('',*,*,#3931,.T.);
#3931 = EDGE_CURVE('',#3877,#3932,#3934,.T.);
#3932 = VERTEX_POINT('',#3933);
#3933 = CARTESIAN_POINT('',(14.5,57.8,15.));
#3934 = LINE('',#3935,#3936);
#3935 = CARTESIAN_POINT('',(14.5,53.8,15.));
#3936 = VECTOR('',#3937,1.);
#3937 = DIRECTION('',(0.,1.,0.));
#3938 = ORIENTED_EDGE('',*,*,#3939,.F.);
#3939 = EDGE_CURVE('',#3932,#3932,#3940,.T.);
#3940 = CIRCLE('',#3941,1.5);
#3941 = AXIS2_PLACEMENT_3D('',#3942,#3943,#3944);
#3942 = CARTESIAN_POINT('',(14.5,57.8,13.5));
#3943 = DIRECTION('',(0.,1.,0.));
#3944 = DIRECTION('',(0.,0.,1.));
#3945 = ORIENTED_EDGE('',*,*,#3931,.F.);
#3946 = ORIENTED_EDGE('',*,*,#3876,.T.);
#3947 = CYLINDRICAL_SURFACE('',#3948,1.5);
#3948 = AXIS2_PLACEMENT_3D('',#3949,#3950,#3951);
#3949 = CARTESIAN_POINT('',(14.5,53.8,13.5));
#3950 = DIRECTION('',(0.,1.,0.));
#3951 = DIRECTION('',(0.,0.,1.));
#3952 = ADVANCED_FACE('',(#3953),#3972,.F.);
#3953 = FACE_BOUND('',#3954,.F.);
#3954 = EDGE_LOOP('',(#3955,#3963,#3970,#3971));
#3955 = ORIENTED_EDGE('',*,*,#3956,.T.);
#3956 = EDGE_CURVE('',#3897,#3957,#3959,.T.);
#3957 = VERTEX_POINT('',#3958);
#3958 = CARTESIAN_POINT('',(72.5,57.8,15.));
#3959 = LINE('',#3960,#3961);
#3960 = CARTESIAN_POINT('',(72.5,53.8,15.));
#3961 = VECTOR('',#3962,1.);
#3962 = DIRECTION('',(0.,1.,0.));
#3963 = ORIENTED_EDGE('',*,*,#3964,.F.);
#3964 = EDGE_CURVE('',#3957,#3957,#3965,.T.);
#3965 = CIRCLE('',#3966,1.5);
#3966 = AXIS2_PLACEMENT_3D('',#3967,#3968,#3969);
#3967 = CARTESIAN_POINT('',(72.5,57.8,13.5));
#3968 = DIRECTION('',(0.,1.,0.));
#3969 = DIRECTION('',(0.,0.,1.));
#3970 = ORIENTED_EDGE('',*,*,#3956,.F.);
#3971 = ORIENTED_EDGE('',*,*,#3896,.T.);
#3972 = CYLINDRICAL_SURFACE('',#3973,1.5);
#3973 = AXIS2_PLACEMENT_3D('',#3974,#3975,#3976);
#3974 = CARTESIAN_POINT('',(72.5,53.8,13.5));
#3975 = DIRECTION('',(0.,1.,0.));
#3976 = DIRECTION('',(0.,0.,1.));
#3977 = ADVANCED_FACE('',(#3978),#3981,.F.);
#3978 = FACE_BOUND('',#3979,.F.);
#3979 = EDGE_LOOP('',(#3980));
#3980 = ORIENTED_EDGE('',*,*,#3939,.T.);
#3981 = PLANE('',#3982);
#3982 = AXIS2_PLACEMENT_3D('',#3983,#3984,#3985);
#3983 = CARTESIAN_POINT('',(14.5,57.8,13.5));
#3984 = DIRECTION('',(0.,1.,0.));
#3985 = DIRECTION('',(0.,0.,1.));
#3986 = ADVANCED_FACE('',(#3987),#3990,.F.);
#3987 = FACE_BOUND('',#3988,.F.);
#3988 = EDGE_LOOP('',(#3989));
#3989 = ORIENTED_EDGE('',*,*,#3964,.T.);
#3990 = PLANE('',#3991);
#3991 = AXIS2_PLACEMENT_3D('',#3992,#3993,#3994);
#3992 = CARTESIAN_POINT('',(72.5,57.8,13.5));
#3993 = DIRECTION('',(0.,1.,0.));
#3994 = DIRECTION('',(0.,0.,1.));
#3995 = ( GEOMETRIC_REPRESENTATION_CONTEXT(3) 
GLOBAL_UNCERTAINTY_ASSIGNED_CONTEXT((#3999)) 
GLOBAL_UNIT_ASSIGNED_CONTEXT((#3996,#3997,#3998)) REPRESENTATION_CONTEXT
('Context #1','3D Context with UNIT and UNCERTAINTY') );
#3996 = ( LENGTH_UNIT() NAMED_UNIT(*) SI_UNIT(.MILLI.,.METRE.) );
#3997 = ( NAMED_UNIT(*) PLANE_ANGLE_UNIT() SI_UNIT($,.RADIAN.) );
#3998 = ( NAMED_UNIT(*) SI_UNIT($,.STERADIAN.) SOLID_ANGLE_UNIT() );
#3999 = UNCERTAINTY_MEASURE_WITH_UNIT(LENGTH_MEASURE(1.E-07),#3996,
  'distance_accuracy_value','confusion accuracy');
#4000 = PRODUCT_RELATED_PRODUCT_CATEGORY('part',$,(#7));
ENDSEC;
END-ISO-10303-21;
